DESPESA_AQUISICAO_BENS;TERRENOS_HABITACOES;DSC_AUTARQUIA;INFRAESTRUTURAS_BASICAS;ACESSIBILIDADES;ldk;DESPESA_TOTAL;JUROS_ENCARGOS;DESPESA_COM_PESSOAL;CODIGO_PERIODO;EDIFICIOS;DESPESA_CORRENTE;CODIGOINE;TRANSFERENCIAS_OUTRAS_DESPESAS_CAPITAL;TRANSFERENCIAS_CORRENTES;OUTROS_INVESTIMENTOS_BENS_DE_CAPITAL;INVESTIMENTOS_OUTROS_INVESTIMENTOS_BENS_DE_CAPITAL
1317604.02;333333.34;ABRANTES;54353.61;2798.99;T1_1401;4922638.22;24484.73;1575925.77;T1;240385.18;3702752.97;1401;399326.6;784738.45;189687.53;820558.65
1202577.98;481838.01;ÁGUEDA;24267.57;141275.56;T1_0101;5529306.37;750.14;1881056.89;T1;754221.95;3695614.96;0101;85895.23;611229.95;346193.09;1747796.18
416368.05;30394.25;AGUIAR DA BEIRA;56818.5;528609.4;T1_0901;1795956.96;13191.01;444769.56;T1;6710.97;987677.45;0901;130978.53;113348.83;54767.86;677300.98
650488.8;0;ALANDROAL;133055.6;109129.87;T1_0701;2086297.17;95226.12;732016.68;T1;16465.08;1636449.28;0701;101513.08;158717.68;89684.26;348334.81
977668.31;177044.46;ALBERGARIA-A-VELHA;0;104471.28;T1_0102;2497106.29;10743.37;934776.44;T1;29705.97;2053053.94;0102;30697.7;129865.82;102132.94;413354.65
2151581.58;406.7;ALBUFEIRA;0;2173.74;T1_0801;7820930.28;31949.15;4599350.67;T1;6359.1;7426295.92;0801;354788.61;643414.52;30906.21;39845.75
1005678.44;0;ALCÁCER DO SAL;0;22386.07;T1_1501;3412185.4;3100.08;1664019.82;T1;83327.8;3082567.22;1501;54929.34;409768.88;168974.97;274688.84
600726.1;100000;ALCANENA;8885.46;6054.49;T1_1402;2096076.93;73176.89;676386.8;T1;16466.21;1582722.06;1402;233019.97;232432.27;148928.74;280334.9
2268614.53;38580.75;ALCOBAÇA;8730.46;5238.26;T1_1001;5209708.3;4669.66;1511079.73;T1;1400.22;4377392.06;1001;656991.35;593028.14;121375.2;175324.89
414014.35;0;ALCOCHETE;0;1932.49;T1_1502;2281109.76;8006.32;1455895.04;T1;7327.56;2001443.67;1502;260036.94;123527.96;10369.1;19629.15
340487.92;0;ALCOUTIM;0;273.53;T1_0802;1402324.19;4997.57;646580.15;T1;0;1214058.12;0802;50927.9;221992.48;137064.64;137338.17
1295591.73;457820.99;ALENQUER;0;138583.66;T1_1101;5026532.21;28478.61;2149428.52;T1;287469.06;3977179.28;1101;115577.31;503680.42;49901.91;933775.62
506121.8;0;ALFÂNDEGA DA FÉ;21377.82;10021.59;T1_0401;13271037.89;217154.36;607528.89;T1;88394.74;1491288.37;0401;11446250.07;160483.32;213705.3;333499.45
1129549.51;5000;ALIJÓ;74436.76;758699.24;T1_1701;3091818.6;170962.68;662302.3;T1;0;1988354.95;1701;66135.08;25540.46;199192.57;1037328.57
538052.6;0;ALJEZUR;42679.45;27597.7;T1_0803;1686215.9;9298.29;683887.52;T1;1476;1450750.23;0803;144539.26;219511.82;19173.26;90926.41
557193.09;0;ALJUSTREL;41190.88;60939.96;T1_0201;2125639.2;8213.83;809069.24;T1;2169.84;1603201.45;0201;187259.19;228725.29;230877.88;335178.56
2988451.99;0;ALMADA;133855.88;100120.81;T1_1503;13280393.52;160199.8;6615624.4;T1;237928.49;11481458.92;1503;884857.01;1717182.73;442172.41;914077.59
500628.56;0;ALMEIDA;53973.01;101288.75;T1_0902;2058088.58;12339.98;679957.14;T1;207582.2;1438163.44;0902;154564.61;245237.76;102516.57;465360.53
963168.62;282000;ALMEIRIM;6223.8;31713.14;T1_1403;3124952.88;18271.46;1030586.91;T1;15619.09;2359346.12;1403;137772.65;347319.13;292278.08;627834.11
586277.02;27500;ALMODÔVAR;34225.28;135681.28;T1_0202;2454529.51;7425.66;904659.81;T1;46380.18;1797388.21;0202;240618.61;299025.72;172735.95;416522.69
203019.79;0;ALPIARÇA;0;4507.67;T1_1404;1357767.21;61770.02;608405.56;T1;1712.16;963939.28;1404;381285.89;90743.91;6322.21;12542.04
350417.37;3418.07;ALTER DO CHÃO;36389.85;0;T1_1201;1440618.49;6980.79;590097.52;T1;17286.21;1066467.74;1201;44916.27;118972.06;272140.35;329234.48
618984.22;15194.19;ALVAIÁZERE;0;520691.25;T1_1002;2296555.37;7803.05;343304.68;T1;504355.44;1058378.87;1002;46462.97;88286.92;151472.65;1191713.53
175377.17;0;ALVITO;3918.47;65193.13;T1_0203;893199.56;502.23;452013.17;T1;1751.12;752294.59;0203;66176.71;124402.02;3865.54;74728.26
5267659.85;308920.88;AMADORA;289914.44;72080;T1_1115;15180683.63;6965.95;6279711.23;T1;56760;13403718.3;1115;687527.13;1849381.27;361762.88;1089438.2
2110603.31;0;AMARANTE;0;102908.07;T1_1301;5653644.36;44584.95;2026238.31;T1;130406.59;4656325.53;1301;698099.68;474898.96;65904.49;299219.15
699405.94;0;AMARES;13727.52;0;T1_0301;2312504.25;22026.94;847229.04;T1;36487.7;1811613.22;0301;348698.51;242951.3;101977.3;152192.52
1110421.34;0;ANADIA;128938.24;98952.92;T1_0103;2940447.51;19569.51;897726.05;T1;5086.05;2316958.59;0103;246993.3;289241.69;143518.41;376495.62
746327.45;2500;ANGRA DO HEROÍSMO;0;332421.24;T1_4301;3853689.9;8904.16;1097191.14;T1;269675.79;2460844.47;4301;362599.73;608421.72;425648.67;1030245.7
698879.25;3710;ANSIÃO;1855.05;119793.54;T1_1003;2104514.04;55523.2;525353.33;T1;79572.04;1419089.39;1003;320612.47;139333.61;159881.55;364812.18
1095736.33;107500;ARCOS DE VALDEVEZ;108551.53;212248.09;T1_1601;4034036.53;12070.08;1168684.04;T1;206282.5;2554797.74;1601;526316.57;278307.29;318340.1;952922.22
615764.69;0;ARGANIL;11866.07;169692.32;T1_0601;2276153.45;16518.33;777345.46;T1;107779.56;1557039.48;0601;369730.74;147411;60045.28;349383.23
617707.52;15000;ARMAMAR;0;15605.36;T1_1801;2429960.81;50802.54;713443.62;T1;270237.97;1389156.22;1801;562018.44;7202.54;177942.82;478786.15
1244475.15;23043.99;AROUCA;6596.97;143369.88;T1_0104;3010667.98;671.84;800546.11;T1;144839.5;2286536.89;0104;103335.81;240843.79;302944.94;620795.28
563553.52;4657.5;ARRAIOLOS;23947.61;0;T1_0702;1843266.56;13250.18;643968.65;T1;12876.01;1463585.34;0702;255609.25;242812.99;82590.85;124071.97
251649.51;9835.54;ARRONCHES;8009.93;1955;T1_1202;1071716.27;2677.67;397602.57;T1;134924.78;753565.1;1202;92944.25;101635.35;70481.67;225206.92
737121.77;0;ARRUDA DOS VINHOS;12203.18;23255.95;T1_1102;1930347.21;8937.92;846059.22;T1;16213.1;1713259.66;1102;129567.63;121140.75;35847.69;87519.92
3574231.82;549896.57;AVEIRO;28375.14;47024.95;T1_0105;9464764.35;147248.06;2636420.8;T1;247490.8;7331600.06;0105;728066.73;973699.38;532310.1;1405097.56
337099.13;0;AVIS;0;0;T1_1203;1802654.13;19881.64;749848.05;T1;6624.72;1185265.64;1203;162680.79;78436.82;448082.98;454707.7
674391.77;0;AZAMBUJA;8341.49;5093.64;T1_1103;2487926.23;13659.02;1320618.68;T1;3040.08;2281673.96;1103;171522.64;273004.49;18254.42;34729.63
794509.92;0;BAIÃO;29369.74;26688.4;T1_1302;2641443.11;16675.1;1104738.94;T1;0;2193387.31;1302;245614.05;277463.35;146383.61;202441.75
2881615.53;36375;BARCELOS;7303.4;345325.14;T1_0302;8387415.32;0;3129331.6;T1;44781.06;6868891.34;0302;860647.16;857944.21;224092.22;657876.82
86877.07;0;BARRANCOS;0;4870.81;T1_0204;856846.78;9449.94;430737.05;T1;273.8;736486.61;0204;104355.99;209422.55;10859.57;16004.18
2521891.91;7004.89;BARREIRO;117640.59;309620.56;T1_1504;8291413.35;30685.78;3444948.91;T1;42101.17;6893194.06;1504;619609.95;895667.46;302242.13;778609.34
688328.41;0;BATALHA;87306.63;26972.97;T1_1004;1663848.08;3331.05;402590.91;T1;48621.88;1325074.23;1004;116619.88;230823.86;59252.49;222153.97
978696.42;215.87;BEJA;0;29619.19;T1_0205;4087051.84;23236.98;1900380.6;T1;97481.39;3475934.56;0205;383037.75;573620.56;100763.08;228079.53
714943.96;63197.47;BELMONTE;29065.18;66941.09;T1_0501;1497180.66;8797.2;264549.4;T1;11978;1138942.42;0501;136848.27;150651.86;50208.23;221389.97
1174811.17;0;BENAVENTE;0;2458.82;T1_1405;3336867.6;1989.45;1361526.2;T1;0;3134631.96;1405;174174.83;596305.14;25601.99;28060.81
766425.22;0;BOMBARRAL;43746.27;15401.82;T1_1005;1753525.64;24706.66;733883.86;T1;19555.69;1596803.8;1005;66271.15;71788.06;11746.91;90450.69
539648.12;18646.43;BORBA;64481.79;4585.24;T1_0703;1637193.12;34046.38;692489.66;T1;7946.08;1332366.47;0703;150030.63;66182.31;59136.48;154796.02
460828.8;0;BOTICAS;9683.49;41829.54;T1_1702;1451004.95;1883.65;586548.05;T1;0;1177140.63;1702;159413.81;127880.13;62937.48;114450.51
3411093.27;0;BRAGA;0;354307.52;T1_0303;16624224.41;119380.68;5543758.28;T1;339099.58;12253199.95;0303;3214050.38;3178967.72;463566.98;1156974.08
2625386.41;53668.27;BRAGANÇA;0;298197.49;T1_0402;6208066.9;56870.07;1550959.67;T1;180011.67;4546745.33;0402;724722.23;313529.18;404721.91;936599.34
817780.07;0;CABECEIRAS DE BASTO;26808.06;25041.53;T1_0304;2444033.45;31583.28;1080361.44;T1;36022.14;2109881.88;0304;150714.15;180157.09;95565.69;183437.42
662715.15;0;CADAVAL;5080.52;46638.98;T1_1104;1993628.35;5696.32;868972.45;T1;203978.74;1660601.21;1104;64591.1;123217.29;12737.8;268436.04
1524366.02;54000;CALDAS DA RAINHA;0;300294.94;T1_1006;4848868.61;23077.52;1207259.37;T1;222008.54;3222748.49;1006;353358.38;468045.58;696458.26;1272761.74
574686.64;0;CALHETA (MADEIRA);2806.73;307830.37;T1_3101;1930642.69;4152.21;515080.72;T1;541.95;1345898.63;3101;238069.57;251979.06;35495.44;346674.49
129622.18;0;CALHETA (SÃO JORGE);3432.63;748344.1;T1_4501;1525354.86;27473.35;397903.47;T1;0;573637.86;4501;185994.66;18638.86;13945.61;765722.34
353181.56;6427.44;CÂMARA DE LOBOS;465.39;615366.99;T1_3102;2512358.75;8490.19;813319.66;T1;0;1384766.58;3102;292311.23;209775.17;213021.12;835280.94
1211637.53;0;CAMINHA;46153.51;73188.84;T1_1602;3187547.1;18807.67;1223274.18;T1;104276.91;2726422.16;1602;124959.76;272702.78;112545.92;336165.18
669497.57;130132.8;CAMPO MAIOR;800;7302.62;T1_1204;1759433.65;5957.56;731054.16;T1;529.26;1567749.17;1204;34592.31;161239.88;18327.49;157092.17
975755.8;10570.7;CANTANHEDE;6525.57;155666.53;T1_0602;4177712.37;65616.26;1132612.95;T1;194048.86;2695039.48;0602;949790.79;521054.47;166070.44;532882.1
257361.37;32694.82;CARRAZEDA DE ANSIÃES;0;27405.85;T1_0403;1349971.49;1581.96;551072.36;T1;50938.76;960714.87;0403;142653.59;150699.18;135563.6;246603.03
442856.56;2172.19;CARREGAL DO SAL;733.81;216969.48;T1_1802;1399253.08;5544.53;509895.66;T1;0;1036632.4;1802;128124.42;78335.65;14620.78;234496.26
604248.93;7999.98;CARTAXO;2000;4296.53;T1_1406;3921562.33;80859.94;1390060.48;T1;204233.8;2229932.35;1406;513492.97;154763;959606.7;1178137.01
7816468.98;0;CASCAIS;0;510477.68;T1_1105;23262787.01;540250.61;7434042.85;T1;227467.42;20341101.94;1105;1334424.93;4550339.5;849315.04;1587260.14
206719.46;0;CASTANHEIRA DE PÊRA;0;890.6;T1_1007;810611.48;80701.81;312351.01;T1;6883.65;719376.69;1007;75472.52;119604.41;7988.02;15762.27
1804951.12;328216.27;CASTELO BRANCO;77147.12;499697.16;T1_0502;6551743.44;27598.94;1592804.79;T1;479187.93;4315185.77;0502;515184.88;889830.92;337124.31;1721372.79
730842.49;0;CASTELO DE PAIVA;11688.11;19020.56;T1_0106;2013937.84;72464.52;717301.19;T1;1940.72;1751206.15;0106;208828.24;230597.95;21254.06;53903.45
363586.95;50673.03;CASTELO DE VIDE;4178.59;40082.76;T1_1205;1156984.16;1147.06;534023.31;T1;13330;970329.71;1205;46452.28;71572.39;31937.79;140202.17
910469.45;9207.59;CASTRO DAIRE;44030.75;154492.22;T1_1803;3018903.48;5390.03;867723.05;T1;390210.21;2132771.97;1803;110680.72;349189.44;177510.02;775450.79
990866.75;8148.66;CASTRO MARIM;39990.35;371461.66;T1_0804;2504946.93;19839.55;611753.06;T1;0;1901339.36;0804;144581.68;278880;39425.22;459025.89
482620.85;0;CASTRO VERDE;3179.23;15962.5;T1_0206;2296314.49;6058.92;833025.58;T1;17520.89;1617897.87;0206;263123.28;296192.52;378630.72;415293.34
454678.57;0;CELORICO DA BEIRA;0;167161.93;T1_0903;1818440.41;31645.06;755061.13;T1;42479.42;1420249.8;0903;96400.44;178865.04;92148.82;301790.17
758390.43;31579.61;CELORICO DE BASTO;0;14708.72;T1_0305;2909731.37;105400.29;1081393.04;T1;164974.6;2208025.55;0305;333906.26;262841.79;156536.63;367799.56
471878.15;66700;CHAMUSCA;0;0;T1_1407;1478968.53;363.36;688664.52;T1;25634.55;1328180.11;1407;9121.61;167274.08;49332.26;141666.81
1523955.14;24117.13;CHAVES;85539.34;915650.36;T1_1703;7216184.4;221297.53;1980192.32;T1;276287.56;4058612.33;1703;950056.26;333167.34;905921.42;2207515.81
1304950.87;26802.79;CINFÃES;9498.06;180176.73;T1_1804;3577406.99;765.09;902987.88;T1;20982.13;2681727.33;1804;55386.47;473023.49;602833.48;840293.19
3345013.3;232910.33;COIMBRA;24566.18;182434.58;T1_0603;15027838.4;192593.73;5903388.63;T1;111818.64;11282503.75;0603;1914024.25;1841508.09;1279580.67;1831310.4
882206.97;0;CONDEIXA-A-NOVA;6156.26;2949.11;T1_0604;2187820.06;9228.63;782954.46;T1;2832.46;1893512.33;0604;135756.85;219122.27;146613.05;158550.88
281867.97;475.63;CONSTÂNCIA;9529.75;1836.51;T1_1408;1007501.74;2815.86;407807.54;T1;80293.5;790490.68;1408;114883.67;97999.31;9992;102127.39
837010.52;2484.99;CORUCHE;22867.45;213306.81;T1_1409;3004854.54;11255.38;1318867.69;T1;64938.69;2554926.55;1409;53702.71;387792.96;92627.34;396225.28
86744.75;10504.56;CORVO;0;3373.86;T1_4901;284766.98;1288.85;109522.37;T1;0;201427.75;4901;31977.05;3871.78;37483.76;51362.18
1334422.24;89938.38;COVILHÃ;12938.93;108755.37;T1_0503;5921659.69;100770.6;1362095.48;T1;443491.52;3565639.59;0503;1383686.76;768351.27;317209.14;972333.34
371022.94;0;CRATO;82939.23;224153.47;T1_1206;1366570.6;4832.27;500189.42;T1;9388;938887.21;1206;55733.39;62842.58;55469.3;371950
340231.33;0;CUBA;55492.2;8269.79;T1_0207;1103458.9;4729.8;486132.13;T1;0;951024.07;0207;82538.1;119930.81;6134.74;69896.73
1863782;265171.44;ELVAS;2286.25;57086.18;T1_1207;5072516.97;4049.22;1064769.45;T1;10642.53;3966484.7;1207;62226.98;1033884.03;708618.89;1043805.29
658461.06;2542.45;ENTRONCAMENTO;2133.52;29948.99;T1_1410;2700523.29;22131.24;1148360;T1;553258.15;1876494.78;1410;95052.02;47542.48;141093.38;728976.49
2331033.91;0;ESPINHO;23726.78;159832.18;T1_0107;8004708.29;17473.8;2150884.01;T1;1617693.36;4694105.95;0107;739517.82;194714.23;769832.2;2571084.52
824209.19;19731.67;ESPOSENDE;0;32062.53;T1_0306;2643183.21;5133.91;992013.64;T1;15741;2333522.79;0306;167430.47;512166.05;74694.75;142229.95
1058548.89;76757;ESTARREJA;87974.98;31847.37;T1_0108;2864220.04;21843.61;971673.53;T1;11276.05;2294588.38;0108;183795.44;242522.35;177980.82;385836.22
1081882.2;59774.94;ESTREMOZ;119598.89;0;T1_0704;2619301.99;35713.17;806669.23;T1;22077.68;2192528.86;0704;206169.49;268264.26;19152.13;220603.64
1311993.61;300000;ÉVORA;0;19878.62;T1_0705;7943655.92;404788.43;4079788.17;T1;353422.31;6156002.34;0705;1047476.63;359432.13;66876.02;740176.95
1055080.23;0;FAFE;228925.25;86811.4;T1_0307;4959455.13;44579.23;1695293.09;T1;128549.26;3907732.27;0307;507659.61;1112779.72;99777.34;544063.25
2070202.14;0;FARO;0;15809.41;T1_0805;6422879.96;121255.55;3036447.62;T1;4806.85;5366031.06;0805;937781.91;138125.75;98450.73;119066.99
1979863.98;53757;FELGUEIRAS;231881.65;144738.93;T1_1303;6715683.61;5485.62;2369057.91;T1;309164.15;5044015.78;1303;453712.66;689608.27;478413.44;1217955.17
684906.23;0;FERREIRA DO ALENTEJO;2661.6;369;T1_0208;2163606.48;47223.76;955484.15;T1;9444.68;1907200.55;0208;168697.94;219586.41;75232.71;87707.99
592849.75;0;FERREIRA DO ZÊZERE;0;81869.69;T1_1411;1423863.92;18049.18;481098.44;T1;5523.19;1208989.81;1411;101843.12;116992.44;25638.11;113030.99
1791602.42;2030.52;FIGUEIRA DA FOZ;9684.43;385702.44;T1_0605;5645366.52;11707.05;2218930.8;T1;149180.87;4616089.6;0605;234087.33;593849.33;248591.33;795189.59
532709.35;0;FIGUEIRA DE CASTELO RODRIGO;0;0;T1_0904;1644574.1;8590.97;569931.85;T1;79248.76;1266866.27;0904;111850.42;155634.1;186608.65;265857.41
429233.25;73.8;FIGUEIRÓ DOS VINHOS;0;19467.59;T1_1008;1614751.91;44560.58;665960.27;T1;1371.57;1220450.65;1008;307125.83;80696.55;66262.47;87175.43
313592.54;0;FORNOS DE ALGODRES;0;6088.5;T1_0905;1248859.65;172223.7;422983.67;T1;0;914141.24;0905;328629.91;5341.33;0;6088.5
375771.55;56199.54;FREIXO DE ESPADA À CINTA;0;0;T1_0404;1469981.68;76916.22;619104;T1;0;1184472.53;0404;208747.91;112680.76;20561.7;76761.24
395158.5;0;FRONTEIRA;0;0;T1_1208;1025262.29;5390.26;376532.71;T1;0;907879.05;1208;77211.59;130797.58;40171.65;40171.65
4400163.06;67976.35;FUNCHAL;32792.7;37405.44;T1_3103;14017942.69;56467.24;6716800.03;T1;76446.66;11801576.49;3103;924366.03;628146.16;1077379.02;1292000.17
1484501.83;697.53;FUNDÃO;33220.4;103010.96;T1_0504;4758354.1;203215.62;1398548.37;T1;64974.5;3360246.4;0504;781962.6;273980.58;414241.71;616145.1
308289.68;0;GAVIÃO;9261.09;20060;T1_1209;1245765.65;3990.18;476522.7;T1;39787.92;952887.89;1209;129910;164085.33;93858.75;162967.76
333217.89;0;GÓIS;31241.5;38642.31;T1_0606;1605903.53;7827.47;620772.37;T1;12753.29;1259441.75;0606;156545.7;297624.02;107278.98;189916.08
731141.5;19714.76;GOLEGÃ;15396.3;30610.19;T1_1412;1549727.77;6728.36;491929.24;T1;15927.39;1329384.72;1412;37854.2;99585.62;100840.21;182488.85
4556324.95;235355.83;GONDOMAR;0;126572.21;T1_1304;12374657.36;76317.42;5342962.34;T1;80481.13;10987731.86;1304;843518.1;1012127.15;100998.23;543407.4
703160.77;17592.61;GOUVEIA;3991.81;286557.14;T1_0906;2408395.54;8392.51;735485.84;T1;6716.82;1626116.2;0906;198745.59;179077.08;268675.37;583533.75
1017917.68;3117.95;GRÂNDOLA;1419.12;76166.44;T1_1505;3888157.06;59959.86;1964728.5;T1;47811.91;3393259.56;1505;255233.82;350653.52;111148.26;239663.68
2437818.01;6204.15;GUARDA;59425.97;710148.24;T1_0907;10722895.76;400102.5;2098034.15;T1;182949.44;5306067.59;0907;4323065.57;370112.93;135034.8;1093762.6
3616973.91;6250.35;GUIMARÃES;0;263861.69;T1_0308;14788820.1;192473.49;5367136.43;T1;127478.96;10559683.7;0308;2238457.01;1383099.87;1593088.39;1990679.39
470654.57;0;HORTA;105879.49;300854.31;T1_4701;2219579.55;9886.57;716139.09;T1;0;1582883.28;4701;225956.37;386203.05;4006.1;410739.9
1442283.46;0;IDANHA-A-NOVA;1623.6;35315.35;T1_0505;3298879.52;7837.47;1019599.63;T1;15646.36;2762018.27;0505;300572.82;292297.71;183703.12;236288.43
1394729.02;28834.38;ÍLHAVO;8817.4;353373.79;T1_0110;4040076.6;12277.22;1215418.35;T1;14424.03;2716062.65;0110;355811.99;93638.06;562752.36;968201.96
1608273.13;0;LAGOA (ALGARVE);29828.51;25631.96;T1_0806;3805811.46;6534.9;1506990.45;T1;0;3590006.91;0806;146095.21;468208.43;14248.87;69709.34
529957.52;37621.81;LAGOA (SÃO MIGUEL);741.82;66623.91;T1_4201;1934820.4;8019.77;612762.69;T1;78024.9;1433692.06;4201;190893.06;282952.08;127222.84;310235.28
3032371.23;171650.15;LAGOS;71250.13;214180.45;T1_0807;7726163.11;61034.25;2649925.67;T1;34687.78;6497166.38;0807;664457;753835.23;72771.22;564539.73
224258.3;745.44;LAJES DAS FLORES;18470.71;72510.25;T1_4801;745817.28;2084.37;264088.49;T1;10584.36;507679.17;4801;87126.74;17248.01;48700.61;151011.37
157195.62;0;LAJES DO PICO;38663.81;237875.13;T1_4601;1160779.14;24961.68;379768.72;T1;0;623356.95;4601;238014.99;61430.93;22868.26;299407.2
2086762.19;570.85;LAMEGO;32241.42;120231.44;T1_1805;4690916.92;88195.63;1081012.94;T1;420655.49;3707388.79;1805;327570.69;451418.03;82258.24;655957.44
2915081.06;1476;LEIRIA;0;1156984.08;T1_1009;11240439.8;507359.02;2877052.66;T1;563069.99;7686530.79;1009;1401137.73;1387038.05;431241.21;2152771.28
24488982.53;1862220.08;LISBOA;594603.38;1250766.79;T1_1106;124923307.71;1379616.38;50014874.73;T1;2084624.19;102263508.02;1106;8110634.07;26380034.38;8756951.18;14549165.62
5704607.49;58751.28;LOULÉ;277863.24;1590859.95;T1_0808;17383147.37;58368.02;6093808.36;T1;122059.97;12837630.95;0808;1721351.91;980847.08;774630.07;2824164.51
6923683.84;39091.52;LOURES;752.15;39744.53;T1_1107;20335880.52;199098.57;8762714.54;T1;292003.15;18599473.93;1107;1218366.96;2713976.98;146448.28;518039.63
1528920.86;0;LOURINHÃ;2081.59;35153.75;T1_1108;4431021.79;47330.93;1326207.03;T1;636139.72;3346843.39;1108;366202.88;444384.57;44600.46;717975.52
1221547.27;7441.07;LOUSÃ;310221.95;124150.66;T1_0607;3054631.29;11412.89;861976.97;T1;32521.61;2366947.52;0607;64387.6;272010.39;148960.88;623296.17
1841183;74000;LOUSADA;84327.28;44617.3;T1_1305;6364962;55035.68;2275506.62;T1;1114256.49;4527334.84;1305;476866.03;355609.54;43560.06;1360761.13
836883.6;0;MAÇÃO;4123.76;63365.74;T1_1413;2148021.3;7358.15;704006.92;T1;58508.01;1838480.12;1413;115907.36;290231.45;67636.31;193633.82
1336420.2;2467.89;MACEDO DE CAVALEIROS;0;32416.58;T1_0405;2872642.26;6140.68;1095463.77;T1;0;2639106.01;0405;173571.86;201081.36;25079.92;59964.39
327200.63;0;MACHICO;0;77794.56;T1_3104;2036016.43;296760.53;803363.81;T1;0;1445219.68;3104;369444.45;17894.71;143557.74;221352.3
389736.76;0;MADALENA;14499.05;366905.02;T1_4602;1824323.91;1945.69;493399.96;T1;172825.73;950465.23;4602;102374.92;65382.82;217253.96;771483.76
4861124.56;0;MAFRA;239889.63;1024263.69;T1_1109;11282620.85;96219.48;3223174.58;T1;264386.44;9096702.22;1109;317477.23;916183.6;339901.64;1868441.4
3573445.34;101252.35;MAIA;0;601182.59;T1_1306;11482853.72;18938.48;4451765.02;T1;719152.7;8931223.32;1306;446377.7;887074.48;683665.06;2105252.7
1127058.62;15155.93;MANGUALDE;59695.04;189256.89;T1_1806;3079272.41;42292.49;1046527.37;T1;306290.43;2328397.2;1806;161112.31;112518.72;19364.61;589762.9
328689.2;1750;MANTEIGAS;0;1220.69;T1_0908;1099672.31;2792.06;302260.47;T1;154147.34;856746.89;0908;76687.75;223005.16;9119.64;166237.67
1800926.72;5104.5;MARCO DE CANAVESES;361892.68;69877.32;T1_1307;5775371.21;90631.7;1572622.83;T1;141250.28;4311848.72;1307;693408.29;847667.47;191989.42;770114.2
397166.84;0;MARINHA GRANDE;9505.05;114.75;T1_1010;1907249.93;4254.46;1168268.15;T1;144.4;1745922.42;1010;90523.08;176232.97;61040.23;70804.43
304862.57;59728.36;MARVÃO;74679.46;19620.63;T1_1210;1039878.95;1867.1;380176.71;T1;1938.64;798994.92;1210;64367.91;112088.54;20549.03;176516.12
3083745;989994.05;MATOSINHOS;105055.6;144156.1;T1_1308;15835093.37;154613.26;6901161.64;T1;372305.85;12530443.52;1308;1567209.47;2390923.62;125928.78;1737440.38
714801.59;0;MEALHADA;194.74;10233.61;T1_0111;2199903.17;0;1059618.86;T1;268626.15;1916203.01;0111;0;141782.56;4645.66;283700.16
232193.23;3015.5;MEDA;13871.58;370548.61;T1_0909;1515589.81;58254.58;676972.03;T1;0;1044329.37;0909;73706.77;76909.53;10117.98;397553.67
586233.62;1710.81;MELGAÇO;5179.73;163130.56;T1_1603;2529569.16;7545.35;1115129.96;T1;15242.25;1819274.68;1603;192282.3;110365.75;332748.83;518012.18
728650.75;34081.32;MÉRTOLA;82106.92;92627.31;T1_0209;3133712.03;11176.3;1053455.41;T1;124453.5;2121812.56;0209;424696.18;328530.1;253934.24;587203.29
245439.2;0;MESÃO FRIO;75122.62;14777.82;T1_1704;1310490.73;31242.01;538834.39;T1;5957.47;863355.25;1704;189088.09;47839.65;162189.48;258047.39
882266.59;0;MIRA;12680.8;45553.7;T1_0608;2075514.71;1722.11;856149.16;T1;16404.26;1800713.71;0608;58282.41;60575.85;141879.83;216518.59
587854.51;0;MIRANDA DO CORVO;5800;1167.02;T1_0609;1585524.7;8556;649870.15;T1;4600.2;1383702.6;0609;123960.55;137421.94;66294.33;77861.55
828406.63;0;MIRANDA DO DOURO;13731.24;104918.17;T1_0406;1963254.97;61792.91;696033.7;T1;52548.04;1674880.92;0406;81276.61;88647.68;35899.99;207097.44
1604880.13;10000;MIRANDELA;59318.88;47294.11;T1_0407;5280616.84;288333.51;1449245.34;T1;851663.81;3782755.25;0407;405025.84;440296.27;124558.95;1092835.75
1106324.38;0;MOGADOURO;23613.01;134828.86;T1_0408;3690854.98;7876.93;617362.03;T1;0;1993344.58;0408;361143.56;261781.24;1177924.97;1336366.84
694051.03;35668.59;MOIMENTA DA BEIRA;45012.02;312351.74;T1_1807;2282309.51;47415.17;655323.89;T1;3155.77;1598485.78;1807;109243.3;201695.69;178392.31;574580.43
1572970.45;382.25;MOITA;59819.01;223808.2;T1_1506;6386704.38;10439.85;3235262.86;T1;34227.91;5471698.18;1506;405356.18;653025.02;191412.65;509650.02
819874.88;1204.95;MONÇÃO;32123.31;76286.48;T1_1604;2969821.23;27998.11;955036.24;T1;21503.62;1995224.4;1604;666344.97;192315.17;177133.5;308251.86
384504.76;0;MONCHIQUE;221761.96;102494.53;T1_0809;2256801.78;4342.48;820962.48;T1;723.24;1430237.71;0809;390804.09;220427.99;110780.25;435759.98
309750.65;0;MONDIM DE BASTO;933.75;50764.61;T1_1705;1485309.59;39982.45;631019.07;T1;10017;1146181.9;1705;269321.92;165429.73;8090.41;69805.77
353307.31;0;MONFORTE;0;77217.6;T1_1211;1636787.97;8711.69;559445.99;T1;16214.99;1080859.94;1211;453863.78;159394.95;8631.66;102064.25
835471.79;137182.99;MONTALEGRE;35119.34;93765.39;T1_1706;3112185.07;4074.66;1006143.38;T1;346622.23;2192245.99;1706;231643.88;346556.16;75605.25;688295.2
747816.63;1429.9;MONTEMOR-O-NOVO;2880.13;6830.2;T1_0706;3354709.28;5480.55;1447616.79;T1;416555.09;2469115.7;0706;354299.03;268201.73;103599.23;531294.55
1177080.44;333649.6;MONTEMOR-O-VELHO;185154.74;174294;T1_0610;3457690.27;265161.19;941258.71;T1;218515.13;2554939.48;0610;75262.79;171439.14;249524.13;827488
1723570.44;2121.5;MONTIJO;10350.37;61471.07;T1_1507;6041209.42;30546.44;3019560.32;T1;301039.79;5140921.84;1507;397579.93;367244.64;127724.92;502707.65
460517.01;7968.77;MORA;10666.23;21764.58;T1_0707;1694989.34;1942.82;582684.9;T1;19839.64;1197922;0707;46510.42;152777.27;390317.7;450556.92
340283.25;53067.54;MORTÁGUA;13164.92;160427.26;T1_1808;1598063.81;7466.07;563564.19;T1;15352.1;1101880.25;1808;173767.96;190566.74;80403.78;322415.6
712892.2;0;MOURA;125385.15;5448.93;T1_0210;3398762.45;37081.79;1411089.62;T1;0;2353457.79;0210;357870.09;192394.18;556600.49;687434.57
195698.29;0;MOURÃO;151.37;0;T1_0708;1060453.68;38520.05;678952.79;T1;0;974485.19;0708;77691.04;61314.06;8126.08;8277.45
506099.66;0;MURÇA;1379.77;44396.95;T1_1707;1456180.75;46623.13;540158.14;T1;12865.57;1163501.23;1707;231037.23;70620.3;3000;61642.29
314060.72;3042.49;MURTOSA;424.35;138509.87;T1_0112;1154748.1;1827.92;388222.82;T1;65576.36;832786.11;0112;41122.6;128674.65;73286.32;280839.39
934949.32;0;NAZARÉ;4322.15;4913.44;T1_1011;8748512.99;367190.67;1380789.74;T1;5071121.98;2951206.5;1011;251893.4;268276.77;465055.52;5545413.09
493513.34;32396.2;NELAS;5410.36;16909.95;T1_1809;1782920.82;129104.97;715280.99;T1;34748.88;1501325.09;1809;182434.93;163425.79;9695.41;99160.8
562348.19;0;NISA;0;684.13;T1_1212;1776631.42;7887.97;913606.03;T1;64316.53;1574817.65;1212;69930.22;90975.46;66882.89;131883.55
175899.88;0;NORDESTE;0;0;T1_4202;762057.23;92645.2;298500.76;T1;0;676645.1;4202;35131.01;109599.26;50281.12;50281.12
800336.7;0;ÓBIDOS;70321.89;5694.62;T1_1012;2578968.97;19827.34;1113088.23;T1;0;2100646.39;1012;327173.94;167394.12;75132.13;151148.64
1718509.39;8890;ODEMIRA;60025;31019.31;T1_0211;5686082.25;9845.77;1918319.33;T1;75978.65;4523504.02;0211;512122.87;876829.53;474542.4;650455.36
5106714.48;100750;ODIVELAS;51622;242894.23;T1_1116;13938418.11;152998.06;5522484.48;T1;215878.75;12119664.89;1116;1121427.95;1337467.87;86180.29;697325.27
6356951.88;111176.64;OEIRAS;712510.78;565001.28;T1_1110;18239386.23;21067.41;7235453.72;T1;1186426.21;14763946.35;1110;546546.83;1150473.34;353778.14;2928893.05
787751.42;2598.44;OLEIROS;19254.96;320308.86;T1_0506;2110833.55;9589.62;495921.02;T1;2786.59;1553387.52;0506;117436.26;260125.46;95060.92;440009.77
871337.68;0;OLHÃO;0;2472.24;T1_0810;3601692.04;26962.08;1815072.37;T1;0;3157789.83;0810;429131.45;444417.7;12298.52;14770.76
1693205.87;181580.87;OLIVEIRA DE AZEMÉIS;883.16;144054.95;T1_0113;6596938.5;69763.42;2227120.31;T1;154510.6;4621722.3;0113;1388766.36;631632.7;105420.26;586449.84
520367.53;4368.1;OLIVEIRA DE FRADES;13517.66;245325.99;T1_1810;2459886.94;7157.59;631673.9;T1;682195.53;1288392.35;1810;85352.31;129193.33;140735;1086142.28
846987.76;10000;OLIVEIRA DO BAIRRO;1190.64;135455.4;T1_0114;3301197.1;37630.96;1005307.67;T1;721534.34;2026344.1;0114;350063.83;136417.71;56608.79;924789.17
1160636.23;500.89;OLIVEIRA DO HOSPITAL;132150.84;22341.52;T1_0611;2864107.52;2653.75;829904.74;T1;38944.57;2391391.67;0611;198129.96;398196.95;80648.07;274585.89
1922734.91;139428.37;OURÉM;5547.87;36601.97;T1_1421;4775136.32;116813.72;1525597.17;T1;128619.14;3811683.3;1421;601430.96;246537.5;51824.71;362022.06
538130.07;6271.16;OURIQUE;137641.73;47709.65;T1_0212;2435694;21074.77;896427.96;T1;20013.54;1657476.35;0212;514782.75;201843.55;51798.82;263434.9
1802372.8;139209.22;OVAR;0;522174.34;T1_0115;5087316.28;1493.02;1606681.45;T1;98123.82;4246091.31;0115;13279.84;835544.04;68437.75;827945.13
1626364.7;4614.37;PAÇOS DE FERREIRA;0;131847.83;T1_1309;4629964.17;129972.48;1803414.73;T1;174862.54;4052311.78;1309;229437.57;492559.87;36890.08;348214.82
2811394.91;0;PALMELA;159.27;106651.14;T1_1508;7937113.83;108261.77;4062922.87;T1;11231.61;7491397.12;1508;308049.29;508817.57;19625.4;137667.42
764329.43;0;PAMPILHOSA DA SERRA;28024.35;238806.21;T1_0612;2199398.38;140.82;559471.94;T1;20190.14;1637533.7;0612;65823.81;313591.51;209020.17;496040.87
3135060.44;17157.93;PAREDES;46957.36;365587.8;T1_1310;10967293.14;148175.77;3203381.25;T1;442656.7;7464657.12;1310;2554433.46;978039.66;75842.77;948202.56
370799.91;0;PAREDES DE COURA;1974.15;75511.75;T1_1605;1602969.95;86746.68;660531.55;T1;73669.8;1214857.01;1605;230496.39;96778.87;6460.85;157616.55
395950.09;6210;PEDRÓGÃO GRANDE;0;23658.69;T1_1013;959376.59;5315.37;338312.89;T1;0;842192.38;1013;66744.5;102614.03;20571.02;50439.71
791105.4;0;PENACOVA;48224.48;221610.36;T1_0613;2276446.33;9046.29;566753.05;T1;77813.75;1706803.21;0613;110433.3;339898.47;111561.23;459209.82
1315111.29;0;PENAFIEL;163325.48;454000.1;T1_1311;6879634.74;42289.33;2525192.48;T1;762747.67;4709794.74;1311;487733.87;827201.64;302032.88;1682106.13
528048.2;3455.09;PENALVA DO CASTELO;9178.94;109531.84;T1_1811;1599549.55;492.47;455851.67;T1;71005.99;1200719.43;1811;159831.5;216327.09;45826.76;238998.62
924269.68;8000;PENAMACOR;240458.09;14750.02;T1_0507;2301243.18;9440.28;445911.19;T1;159104.58;1581533.23;0507;140506.21;201912.08;156891.05;579203.74
278202.17;20099.37;PENEDONO;68121.26;63805.95;T1_1812;969249.87;0;350692.07;T1;70552.53;712347.24;1812;6000;83453;28323.52;250902.63
471661.57;2746.18;PENELA;14285.96;128174.77;T1_0614;1443060.02;8674.03;439589.59;T1;29947.66;1050389.26;0614;126820.01;130464.07;90696.18;265850.75
938613.9;9789.04;PENICHE;0;34490.99;T1_1014;3193962.57;5258.75;1421899.47;T1;167385.71;2756607.65;1014;130439.58;390835.53;95249.6;306915.34
881925.26;7491.83;PESO DA RÉGUA;18847.63;138726.43;T1_1708;2995039.96;41632.68;986536.65;T1;382864.17;2008450.23;1708;187085.28;98355.64;251574.39;799504.45
1151200.27;0;PINHEL;50546.34;243597.7;T1_0910;2844489.47;15575.26;737777.74;T1;231161.98;2043825.44;0910;216863;139272.17;58495.01;583801.03
1982294.6;154267.5;POMBAL;184286.94;360022.58;T1_1015;6344933.3;14803.39;1583436.46;T1;244917.65;4353911.25;1015;490793.42;773376.8;556733.96;1500228.63
2189825.72;183;PONTA DELGADA;26197.89;128615.1;T1_4203;6804880.2;51260.52;2723501.71;T1;43204.17;5724270.62;4203;473971.33;759682.67;408438.09;606638.25
431905.42;3296;PONTA DO SOL;4595.86;31551.97;T1_3105;1063029.25;1177.71;356224.03;T1;4936.99;901454.99;3105;106076.68;112147.83;11116.76;55497.58
741997.9;0;PONTE DA BARCA;0;119956.8;T1_1606;2780012.21;25394.88;950906.31;T1;51414.03;2057769.81;1606;268743.12;339470.72;282128.45;453499.28
1691226.9;297975.51;PONTE DE LIMA;139211.92;75598.51;T1_1607;5585542.09;2527.42;1774066.47;T1;33961.01;4467205.79;1607;326781.5;999385;244807.85;791554.8
934217.88;35000;PONTE DE SOR;42971.24;106785.5;T1_1213;3360064.75;1415.21;1024513.23;T1;24411.96;2524133.1;1213;31471.76;563986.78;595291.19;804459.89
1036252.77;42902.71;PORTALEGRE;24865.55;29639.22;T1_1214;3177611.85;8262.8;1372966.01;T1;260803.82;2462549.9;1214;301627.27;45068.32;55223.38;413434.68
412449.65;0;PORTEL;10499.4;2952;T1_0709;1726131.23;17453.23;820635.82;T1;67167.81;1523706.33;0709;90374.38;273167.63;31431.31;112050.52
1341239.32;6000;PORTIMÃO;0;102952.4;T1_0811;7967301.64;547827.95;3384889.33;T1;298511.23;7203023.15;0811;167078.76;1929066.55;189736.1;597199.73
8696829.51;28561.75;PORTO;234309.95;668186.71;T1_1312;30087426.95;766460.21;13781744.42;T1;365614.27;25638191.01;1312;2546957.14;2393156.87;605606.12;1902278.8
1103782.55;635;PORTO DE MÓS;21480.73;5225.16;T1_1016;2516342.24;4660.79;1082477.02;T1;0;2283270.6;1016;83685.35;92350.24;122045.4;149386.29
192529.4;0;PORTO MONIZ;0;0;T1_3106;663233.98;8672.15;266858.04;T1;0;578780.01;3106;83304.47;110720.42;1149.5;1149.5
144935.12;441.36;PORTO SANTO;0;0;T1_3201;713051.24;670.98;460548.61;T1;0;654040.73;3201;56914.75;47886.02;1654.4;2095.76
861393.33;0;PÓVOA DE LANHOSO;113424.37;46123.65;T1_0309;3064867.63;16464.32;924139.25;T1;215842.59;2067367.87;0309;230914.95;265370.97;391194.2;766584.81
3368732.75;9795.08;PÓVOA DE VARZIM;116604.63;843116.34;T1_1313;10031899.01;19367.63;2888757.06;T1;257066.29;7375856.59;1313;682746.08;1098999.15;746714;1973296.34
89737.17;148.76;POVOAÇÃO;51278.33;12618.4;T1_4204;1300187.19;14681.08;459360.49;T1;124135.16;766831.2;4204;295621.21;203052.46;49554.13;237734.78
299488.8;16800;PRAIA DA VITÓRIA;0;115762.09;T1_4302;2313459.52;14627.78;737506.09;T1;0;1464206.65;4302;660787.41;412583.98;55903.37;188465.46
817780.07;5712.69;PROENÇA-A-NOVA;0;68886.21;T1_0508;1997638.17;5007.42;618904.45;T1;10461.57;1612543.08;0508;76089.61;170851.14;223945.01;309005.48
550144.05;731.68;REDONDO;11832.56;239939.55;T1_0710;1949430.09;0;927622.14;T1;36133.31;1649383.33;0710;434.03;171617.14;10975.63;299612.73
815705.39;0;REGUENGOS DE MONSARAZ;3991.35;46055.49;T1_0711;3153023.51;36325.38;959524;T1;45779.4;2140786.24;0711;830279.39;329231.47;86131.64;181957.88
647866.33;0;RESENDE;15821.21;4351.1;T1_1813;2040661.59;26157.88;1018252.22;T1;2870.18;1825390.33;1813;141042.09;133113.9;51186.68;74229.17
229473.35;7926.22;RIBEIRA BRAVA;0;284073.51;T1_3107;1803843.6;314407.86;371796.37;T1;0;1023834.83;3107;367010.62;108157.25;120998.42;412998.15
623713.22;0;RIBEIRA DE PENA;172075.29;17041.24;T1_1709;2558693.48;16179.25;753038.39;T1;881.81;2125481.19;1709;99099.16;732550.33;144114.79;334113.13
1031803.92;5185.19;RIBEIRA GRANDE;100305.23;833890.55;T1_4205;4327525.7;17520.34;1136987;T1;111700.41;2377889.68;4205;282841.92;191578.42;615712.72;1666794.1
1563704.37;3895.5;RIO MAIOR;76626.2;231147.57;T1_1414;4210143.95;44817.21;1209063.74;T1;7380;3055973.85;1414;784345.06;238388.53;50775.77;369825.04
630606.16;0;SABROSA;13677.23;29986.42;T1_1710;1644626.6;4852.45;571265.86;T1;41145.44;1292874.17;1710;206247.34;86149.7;60696;145505.09
745965.95;376.25;SABUGAL;70413.76;209510.59;T1_0911;3060844.97;8732.19;793903.46;T1;94650.91;2319748.42;0911;205950.87;771146.82;160194.17;535145.68
732511.7;0;SALVATERRA DE MAGOS;0;1510.2;T1_1415;2069515.34;12335.84;916950.74;T1;1615.93;1983822.07;1415;58673.95;322023.79;23893.19;27019.32
880329.66;981.83;SANTA COMBA DÃO;150102.76;342552.08;T1_1814;4129465.78;227471.95;564227.12;T1;505263.99;1762416.94;1814;1165715.49;90388.21;202432.69;1201333.35
621182.66;0;SANTA CRUZ;154676.41;776816.96;T1_3108;4305568.29;748234.79;1492066.51;T1;64361.85;2944008.03;3108;365558.64;82524.07;146.4;996001.62
197003.77;139722.42;SANTA CRUZ DA GRACIOSA;6662.9;20071.44;T1_4401;883294.75;8569.59;255274.13;T1;15605.55;629556.59;4401;41575.74;168709.1;30100.11;212162.42
97653.02;5109.67;SANTA CRUZ DAS FLORES;0;50292.1;T1_4802;491278.97;1804.89;219204.13;T1;31200.7;336895.02;4802;61194.98;18232.98;6586.5;93188.97
2935934.09;105207.74;SANTA MARIA DA FEIRA;53363.89;103822.65;T1_0109;9636917.08;110365.79;3209777.38;T1;529522.89;7346223.71;0109;1008309.02;1090146.45;490467.18;1282384.35
352513.58;181793.9;SANTA MARTA DE PENAGUIÃO;0;1037.74;T1_1711;1599121.47;6559.01;421620.65;T1;384395.18;887246.36;1711;102307.3;106553.12;42340.99;609567.81
174515.34;0;SANTANA;0;0;T1_3109;859788.35;13856.43;352209.26;T1;0;634579.7;3109;225208.65;93998.67;0;0
2054751.94;0;SANTARÉM;3299.67;170037.48;T1_1416;7659483.46;240240.56;3164866.79;T1;977878.07;6037278.19;1416;329095.06;577418.9;141894.99;1293110.21
954283.38;0;SANTIAGO DO CACÉM;42695.21;138398.58;T1_1509;4226413.9;34551.17;2225838.94;T1;50598.65;3519344.32;1509;285911.23;304670.83;189465.91;421158.35
1745494.96;0;SANTO TIRSO;23245.8;343047.64;T1_1314;6736517.65;37521.92;1931007.58;T1;175964.07;4392844.97;1314;810568.13;678820.51;990847.04;1533104.55
706536.06;0;SÃO BRÁS DE ALPORTEL;0;97743.74;T1_0812;1975087.36;3241.28;912365.77;T1;0;1745830.15;0812;123715.05;123687.04;7798.42;105542.16
1183757.99;451809;SÃO JOÃO DA MADEIRA;758.54;24071.41;T1_0116;3704118.41;24461.78;1076920.61;T1;133658.47;2773591.21;0116;253083.8;488450.83;67145.98;677443.4
825054.4;0;SÃO JOÃO DA PESQUEIRA;3450.15;88797.26;T1_1815;2243004.22;8069.36;366404.58;T1;13912.46;1286134.66;1815;280286.22;86606.32;570423.47;676583.34
1139669.55;126310.44;SÃO PEDRO DO SUL;20442.25;157069.17;T1_1816;3434151.44;28006.74;1427603.57;T1;13510.3;2772644.08;1816;54406.37;177364.22;289768.83;607100.99
145151.83;0;SÃO ROQUE DO PICO;0;5147.99;T1_4603;832261.67;6202.98;212562.57;T1;0;570469.71;4603;253618.1;206552.33;3025.87;8173.86
291858.16;0;SÃO VICENTE;111022.08;729728.18;T1_3110;1742794.08;6956.94;285909.97;T1;15078.44;700214.23;3110;151229.7;115489.16;35521.45;891350.15
430027.22;207.76;SARDOAL;0;1094.97;T1_1417;1394463.72;12641.33;630102.44;T1;41641.27;1192817.21;1417;113607.17;120046.22;45095.34;88039.34
401672.61;0;SÁTÃO;186431.78;313709.32;T1_1817;2320592.09;2431.58;707692.39;T1;57578.26;1215573.18;1817;129718.49;103776.6;417581.06;975300.42
1759343.59;0;SEIA;47771.48;20091.83;T1_0912;4479531.94;542948.13;1174059.89;T1;35793.76;3808863.99;0912;529354.59;332512.38;37656.29;141313.36
2698039.8;0;SEIXAL;0;2961.72;T1_1510;12498170.88;770978.08;7325605.63;T1;86.49;11115368.09;1510;1347805.58;320744.58;31949;34997.21
677815.86;130000;SERNANCELHE;20132.06;224846.24;T1_1818;1966417.28;4817.03;420076.88;T1;137847.8;1129901.03;1818;95776.56;27191.26;227913.59;740739.69
678868.36;68331.25;SERPA;30816.91;111819.13;T1_0213;3446345.62;11166.47;1299746.55;T1;552483.61;2280368.06;0213;134801.24;290586.68;267725.42;1031176.32
458779.98;35000;SERTÃ;490272.69;77873.67;T1_0509;2350041.34;10021.1;864951.37;T1;5532.23;1563915.85;0509;97643.73;230163.4;79803.17;688481.76
1704038.52;89877.63;SESIMBRA;189394.85;102660.87;T1_1511;7570440.64;101331;3926711.47;T1;205434.95;6254666.1;1511;305780.76;522585.11;422625.48;1009993.78
2964978.45;26153.86;SETÚBAL;263484.12;163209.77;T1_1512;12202628.76;178500.35;5740188.95;T1;211262.48;10174840.05;1512;1113954.31;1291172.3;249724.17;913834.4
484170.95;5776.49;SEVER DO VOUGA;38586.12;82016.53;T1_0117;1866310.25;7046.04;466020.49;T1;163623.98;1209061.05;0117;174585.87;251823.57;192660.21;482663.33
2021720.24;3193.12;SILVES;194637.01;57229.34;T1_0813;5710276.43;40170.51;2564121.55;T1;21396.77;5060381.71;0813;177776.07;434369.41;195662.41;472118.65
1611963.67;0;SINES;3120.5;313656.97;T1_1513;4601057.67;25806.5;1803955.05;T1;5405.8;3896598.19;1513;159617.36;454872.97;222658.85;544842.12
8550373.97;180599.01;SINTRA;0;203446.71;T1_1111;26206261.98;128678.22;10846529.6;T1;44074.38;23388661.61;1111;2125607.88;3863079.82;263872.39;691992.49
646914.46;0;SOBRAL DE MONTE AGRAÇO;1617.86;0;T1_1112;1707103.86;78333.62;642164.28;T1;143704.08;1465734.58;1112;74532.69;98322.22;21514.65;166836.59
895779.94;4800;SOURE;80991.77;58172.93;T1_0615;2598421.8;13490.6;989184.46;T1;6847.25;2129970.1;0615;222520.17;231515.1;95119.58;245931.53
324620.34;0;SOUSEL;13044.28;443.78;T1_1215;1499543.85;12663.97;584795.92;T1;151709.89;1134487.76;1215;91585.25;212407.53;108272.89;273470.84
609593.05;1260;TÁBUA;27010.74;18572.29;T1_0616;2089392.71;34348.82;759579.08;T1;9270.12;1651291.39;0616;66044.18;247770.44;315943.99;372057.14
560987.34;0;TABUAÇO;5937.85;60908.13;T1_1819;1623596.09;33754.99;492320.71;T1;98813.36;1159640.92;1819;263173.04;72577.88;35122.79;200782.13
475399.56;229.47;TAROUCA;8462.71;33498.96;T1_1820;2405079.85;67535.78;968217.63;T1;66174.46;1620132.54;1820;536451.98;108979.57;140129.73;248495.33
965569.34;5985.56;TAVIRA;0;131046.75;T1_0814;4059253.27;29029.11;1994152.42;T1;53747.45;3523589.2;0814;263105.07;534838.33;81779.24;272559
698064.93;0;TERRAS DE BOURO;36491.52;101741.1;T1_0310;2296415.58;5599.98;863031.28;T1;116068.99;1885517.22;0310;131769.34;318821.03;24827.41;279129.02
1379633.97;0;TOMAR;0;164035.07;T1_1418;5466116.87;39231.59;2065947.64;T1;108489.66;3709337.17;1418;737045.2;224523.97;747209.77;1019734.5
1530509.71;0;TONDELA;25757.9;368787.54;T1_1821;4668414.62;890.07;1082460.73;T1;184650.67;3107612.79;1821;312067.35;493752.28;669538.37;1248734.48
815631.56;0;TORRE DE MONCORVO;31900.81;128001.22;T1_0409;2615090.73;97841.42;654897.53;T1;40982.1;1723008.07;0409;445180.6;154637.56;246017.93;446902.06
1198025.55;5000;TORRES NOVAS;303.15;0;T1_1419;4071389.25;103076.67;1720474.09;T1;377706.93;3139402.78;1419;369254.7;117826.47;179721.69;562731.77
2946053.38;49706.61;TORRES VEDRAS;1196.02;55625.73;T1_1113;10179053.94;39880.78;2803992.68;T1;490572.91;7941353.99;1113;600849.28;2151427.15;1039749.4;1636850.67
644736.99;125000;TRANCOSO;55.61;0;T1_0913;1824582.42;75926.62;637936.54;T1;569.87;1500047.52;0913;191986.77;141447.37;6922.65;132548.13
629545.31;60000;TROFA;423828.41;216633.69;T1_1318;3973732.84;187482.79;1321707.66;T1;380850.05;2414019.83;1318;324532.28;275284.07;153868.58;1235180.73
857599.73;0;VAGOS;0;88418.17;T1_0118;2930906.17;116239.82;804853.23;T1;22599.56;2066219.93;0118;412865.14;287527.15;340803.37;451821.1
781362;11348.52;VALE DE CAMBRA;48473.03;106133.71;T1_0119;3421737.21;11693;934076.46;T1;75148.21;2321536.57;0119;596570.11;594405.11;262527.06;503630.53
972942.53;17776;VALENÇA;0;96323.27;T1_1608;3385794.28;10783.1;1200170.59;T1;694847.7;2391475.59;1608;124940.13;207579.37;60431.59;869378.56
1808303.17;0;VALONGO;0;80209.53;T1_1315;5452609.77;155511.72;2474759.89;T1;73189.26;4944510.78;1315;327605.58;505936;27094.62;180493.41
760298.75;36375.13;VALPAÇOS;60608.58;26005.77;T1_1712;2557141.61;28122.7;994094.01;T1;70841.92;2105025.54;1712;223042.4;322510.08;35242.27;229073.67
207390.34;0;VELAS;0;0;T1_4502;780141.26;1345.98;355237.99;T1;65853.99;600007.6;4502;100621.99;36033.29;13657.68;79511.67
508617.54;0;VENDAS NOVAS;375.53;7018.88;T1_0712;1575346.85;20629.22;859730.37;T1;0;1450554.51;0712;96562.88;61577.38;20835.05;28229.46
501978.67;0;VIANA DO ALENTEJO;2579.93;49857.09;T1_0713;1497228.23;1299.72;543502.05;T1;0;1268874.41;0713;74942.1;222093.97;100974.7;153411.72
2302340.88;452722.38;VIANA DO CASTELO;0;297684.52;T1_1609;10421502.23;39606.27;3711341.97;T1;312360.97;6846225.65;1609;2395837.6;792936.53;116671.11;1179438.98
455908.86;0;VIDIGUEIRA;271.67;0;T1_0214;1811454.69;1187.58;739455.5;T1;163250.41;1356302.52;0214;107994.77;159750.58;183635.32;347157.4
754651.15;15600;VIEIRA DO MINHO;1920.97;248254.89;T1_0311;2714394.7;71150.82;648509.79;T1;137623.99;1834665.15;0311;376369.08;360353.39;99960.62;503360.47
303690.36;5010.74;VILA DE REI;0;21069.6;T1_0510;1040682.2;9533.42;468148.2;T1;45091.8;853600.13;0510;59917.5;72228.15;55992.43;127164.57
306574.22;250000;VILA DO BISPO;0;0;T1_0815;2231800.61;13395.77;892914.79;T1;166841.59;1385582.44;0815;50049.93;172697.66;379326.65;796168.24
1736150.76;74561.93;VILA DO CONDE;3703;51515.76;T1_1316;7879500.25;600257.3;3570597.47;T1;47832.24;6613927.98;1316;1044699.17;706922.45;43260.17;220873.1
276794.3;0;VILA DO PORTO;7028.52;16511.02;T1_4101;930195.17;1084.69;404537.98;T1;3755.82;712593.49;4101;78116.33;30176.52;112189.99;139485.35
521044.48;1638.36;VILA FLOR;7170.47;32804.54;T1_0410;1377396.61;0;576300.92;T1;69193.53;1227917.01;0410;8942.31;130571.61;29730.39;140537.29
2337857.07;326148.21;VILA FRANCA DE XIRA;3778.98;6953.54;T1_1114;8665408.33;33320.78;3842572.44;T1;233137.13;7651387.8;1114;76136.19;1437637.51;367866.48;937884.34
363346.93;55000;VILA FRANCA DO CAMPO;202955.16;210099.96;T1_4206;2080015.12;171099.78;534434.94;T1;0;1148565.52;4206;175943.2;79683.87;287451.28;755506.4
622374.54;0;VILA NOVA DA BARQUINHA;37.59;10280.44;T1_1420;1850914.73;11714.58;620508.41;T1;359523.92;1304631.91;1420;139085.31;50034.38;37355.56;407197.51
713404.01;2800;VILA NOVA DE CERVEIRA;12018.88;51473.17;T1_1610;2506346.99;5752.59;884997.57;T1;494685.68;1696292.07;1610;92280.27;92137.9;156796.92;717774.65
4289420.01;79407.99;VILA NOVA DE FAMALICÃO;54837.16;606037.03;T1_0312;12409326.21;219707.48;4331668.61;T1;589115.28;9409315.97;0312;1492363.92;568519.87;178248.86;1507646.32
941900.74;0;VILA NOVA DE FOZ CÔA;0;1663.45;T1_0914;2042609.91;14858.45;653659.02;T1;44429.44;1833780.12;0914;116377.09;223361.91;46359.81;92452.7
6257342.03;44152.25;VILA NOVA DE GAIA;0;54984.23;T1_1317;24743132.61;1013349.71;8576571.63;T1;1161212.06;17115138.98;1317;5361670.48;1267875.61;1005974.61;2266323.15
531903.04;129950.94;VILA NOVA DE PAIVA;12560.35;50909.3;T1_1822;1574514.47;7914.35;513947.67;T1;0;1140773.75;1822;138881.96;87008.69;101438.17;294858.76
470148.74;3897;VILA NOVA DE POIARES;13079.26;1676.07;T1_0617;1589399.84;198937.5;517673.27;T1;406.12;1224974.5;0617;339247.63;38214.99;6119.26;25177.71
977398.71;214928.96;VILA POUCA DE AGUIAR;45408.31;171499.7;T1_1713;3775872.48;7151.5;1014232.95;T1;179074.62;2295752.72;1713;142907.18;296969.56;726300.99;1337212.58
1216311.27;0;VILA REAL;25218.82;262090.45;T1_1714;5666663.93;30031.46;1696816.86;T1;138373.26;3748219.16;1714;667935.41;805059.57;824826.83;1250509.36
1427430.31;0;VILA REAL DE SANTO ANTÓNIO;14259.04;7084.93;T1_0816;3403778.41;670270.21;677372.81;T1;23902.1;3202569.53;0816;138557.63;427496.2;17405.18;62651.25
245967.51;255.4;VILA VELHA DE RÓDÃO;5226.17;611.92;T1_0511;1043529.41;1702;522720.33;T1;1173.7;929667.2;0511;65337.18;159277.36;41257.84;48525.03
2527265.19;4000;VILA VERDE;0;8177.33;T1_0313;6165205.95;48544.95;1691490.32;T1;651741.1;5033637.48;0313;396722.98;766337.02;70927.06;734845.49
328392.44;0;VILA VIÇOSA;21693.34;113420.67;T1_0714;1879678.44;19000.69;728570.95;T1;38868.61;1200089.38;0714;430501.28;124125.3;75105.16;249087.78
733064.57;6000;VIMIOSO;1977.23;4282.86;T1_0411;1501591.04;3755.51;577645.31;T1;0;1410910.31;0411;44047.93;96444.92;34372.71;46632.8
849240.58;4000;VINHAIS;37795.17;46791.81;T1_0412;2545510.67;13029;796662.82;T1;9427.95;1965340.73;0412;298787.53;306408.33;183367.48;281382.41
2637525.89;718991.79;VISEU;22920.04;119101.95;T1_1823;8913828.1;23618.34;2758182.13;T1;949706.42;6654735.65;1823;352272.41;1235409.29;96099.84;1906820.04
964766.74;66250;VIZELA;891.92;273049.59;T1_0314;3905609.07;62631.56;1034282.3;T1;881303.4;2370011.13;0314;176310.26;308330.53;137792.77;1359287.68
588668.38;1932.5;VOUZELA;9493.94;53203.44;T1_1824;2327438.37;18183.74;576544.98;T1;69184.78;1460817.09;1824;476610.21;277419.99;256196.41;390011.07
2799978.19;333333.34;ABRANTES;98382.85;2798.99;T2_1401;10683656.02;61215.81;3641827.68;T2;765745.58;8216965.47;1401;960081.06;1713943.79;306348.73;1506609.49
2996973.13;816632.63;ÁGUEDA;54889.47;451674.47;T2_0101;14350055.45;24550.69;3991638.34;T2;3189272.02;8326221.05;0101;732212.85;1313058.89;779152.96;5291621.55
989524.16;30694.25;AGUIAR DA BEIRA;217905;1194855.29;T2_0901;4034102.19;16922.59;992361.01;T2;6710.97;2267945.67;0901;246757.67;269137.91;69233.34;1519398.85
1164339.64;0;ALANDROAL;279220.37;124849.1;T2_0701;4160682.83;127424.39;1615964.16;T2;20378.01;3244777.33;0701;251971.59;337049.14;239486.43;663933.91
2377744.5;265215.88;ALBERGARIA-A-VELHA;0;177735.7;T2_0102;6069909.84;14198.88;2055872.1;T2;39404.87;4927711.37;0102;184792.41;479895.89;475049.61;957406.06
8509979.84;1104.94;ALBUFEIRA;48619.99;89878.7;T2_0801;22654030.03;92866;10435732.62;T2;53346.23;20601364.56;0801;1527514.72;1562786.1;332200.89;525150.75
2334557.35;0;ALCÁCER DO SAL;0;55653.74;T2_1501;7660625.36;6492.65;3685891.6;T2;126477.48;6847968.35;1501;220563.98;821026.75;409961.81;592093.03
1388398.23;101124.94;ALCANENA;1356781.89;132855.1;T2_1402;10474966.75;178973.53;1511681.19;T2;98142.27;3536056.36;1402;4920215.91;457003.41;329790.28;2018694.48
4642855.68;38580.75;ALCOBAÇA;12355.27;452863.23;T2_1001;12420101.46;59630.2;3408403.83;T2;106403.1;9518484.52;1001;1601033.48;1407594.81;690381.11;1300583.46
1836496.79;0;ALCOCHETE;11424.7;80142.53;T2_1502;6331826.81;21711.36;3482791.74;T2;19826.6;5696505.22;1502;410352.84;355505.33;113574.92;224968.75
803518.65;176002.92;ALCOUTIM;0;6609.88;T2_0802;3610750.34;14792.09;1449383.03;T2;0;2849778.99;0802;241625.96;582085.22;336732.59;519345.39
2975849.18;1129571.99;ALENQUER;0;811107.28;T2_1101;12327120.33;115410.74;4906807.46;T2;377426.39;9123151.78;1101;786130.55;1125084.4;99732.34;2417838
1065409.44;12500;ALFÂNDEGA DA FÉ;32631.79;17940.65;T2_0401;16147385.02;405941.59;1362481.27;T2;89974.78;3204370.36;0401;11905076.94;370538.06;884890.5;1037937.72
2867174.87;15000;ALIJÓ;201878.55;921526.92;T2_1701;6872671.81;477107.03;1443990.34;T2;109406.07;4885813.79;1701;344278.85;97541.55;394767.63;1642579.17
1150877.98;11061.23;ALJEZUR;52995.11;36604.87;T2_0803;3872343.54;20461.37;1591944.99;T2;1476;3267749.35;0803;361851.42;504465.01;140605.56;242742.77
1338328.27;0;ALJUSTREL;169440.19;68001.51;T2_0201;4823663.61;35369.76;1783217.14;T2;4602.78;3650052.02;0201;535255.29;493136.85;396311.82;638356.3
9022382.52;24133.43;ALMADA;495032.11;161149.1;T2_1503;32863872.6;186279.84;14927745.4;T2;471673.83;28324293.06;1503;1748145.79;4187885.3;1639445.28;2791433.75
1184674.15;0;ALMEIDA;72895.19;311372.13;T2_0902;4600304.95;24655.82;1588384.97;T2;307458.49;3245098.24;0902;380175.89;447383.3;283305.01;975030.82
2288397.92;382000;ALMEIRIM;63563.89;70536.93;T2_1403;7210423.02;48582.88;2295880.26;T2;26831.63;5485334.51;1403;599937.99;852473.45;582218.07;1125150.52
1317862.72;83500;ALMODÔVAR;81166.49;232300.23;T2_0202;5519590.31;13235.69;2023622.02;T2;73393.25;4018112.77;0202;480620.03;663392.34;550497.54;1020857.51
624690.25;0;ALPIARÇA;0;17760.3;T2_1404;3041548.37;120441.31;1349081.98;T2;5136.48;2264718.79;1404;741712.51;170505.25;12220.29;35117.07
758784.58;5397.51;ALTER DO CHÃO;72130.85;4724.95;T2_1201;3140084.86;10619.87;1350304.52;T2;18732.51;2351556.33;1201;146888.14;231847.36;540654.57;641640.39
982767.63;15194.19;ALVAIÁZERE;251.81;801947.27;T2_1002;4701661.7;80984.32;750730.06;T2;1429378.46;1965572.67;1002;295311.75;151090.66;194005.55;2440777.28
427895.25;0;ALVITO;4144.31;175244.54;T2_0203;2032856.66;1228.07;1034085.81;T2;5344.87;1684831.5;0203;141075.22;221622.37;22216.22;206949.94
11368236.8;383150.69;AMADORA;602773.99;111465.06;T2_1115;34205804.84;58909.6;13955303.59;T2;161336.12;29910171.32;1115;2533563.16;4527721.33;503344.5;1762070.36
4685503.82;0;AMARANTE;43833.12;164843.37;T2_1301;13334505.24;86929.92;4499361.84;T2;620251.41;10581330.61;1301;1615439.47;1309535.03;308807.26;1137735.16
1584080.72;8456.25;AMARES;32213.7;11098.65;T2_0301;5407456.74;42963.01;1935062.34;T2;63143.45;4155790.43;0301;849200.49;593684.36;287553.77;402465.82
2665749.62;11400;ANADIA;323892.18;391762.07;T2_0103;7021269.2;81214.88;2095073.39;T2;6487.28;5351328.1;0103;579050.49;509290.21;357349.08;1090890.61
1741645.94;173359.75;ANGRA DO HEROÍSMO;0;1146048.46;T2_4301;9380973.09;20972.65;2493046.55;T2;431947.25;5518889.1;4301;1380052.58;1263223.96;730675.95;2482031.41
1551325.91;3710;ANSIÃO;10600.69;176861.94;T2_1003;4534853.91;149173.93;1150680.91;T2;165807.39;3103236.24;1003;754833.35;252055.49;319804.3;676784.32
2778682.44;112000;ARCOS DE VALDEVEZ;330965.43;766855.28;T2_1601;10353561.55;17399.06;2526232.34;T2;949199.76;5871365.74;1601;1205182.01;549051.9;1117993.33;3277013.8
1583687.09;0;ARGANIL;26407.56;498527.68;T2_0601;5499559.89;32127.42;1678488.39;T2;114378.47;3813575.01;0601;854310.61;519272.11;192360.56;831674.27
1367947.64;43780;ARMAMAR;469;252900.94;T2_1801;5031324.2;107137.72;1608326.96;T2;484140.59;3128827.75;1801;778200.8;45415.43;343005.12;1124295.65
2590823.38;91352.77;AROUCA;13931.89;700012.65;T2_0104;9108512.67;36681.32;1770373.59;T2;982542.33;4860729.71;0104;426254.37;462851.42;2033688.95;3821528.59
1127682.6;5996.04;ARRAIOLOS;113753.98;0;T2_0702;3869683.27;25334.71;1414408.65;T2;26262.07;3044639.87;0702;537491.35;477213.91;141539.96;287552.05
563619.02;26498.34;ARRONCHES;14102.7;9844.32;T2_1202;2496368.03;5548.52;895042.41;T2;452282.29;1672203.72;1202;178342.1;207993.77;143094.56;645822.21
1894678.46;0;ARRUDA DOS VINHOS;35447.5;74418.74;T2_1102;4773116.66;53612.86;1911124.82;T2;17738.3;4116266.12;1102;428443.18;256849.98;100802.82;228407.36
6281252.39;1126424.08;AVEIRO;142757.98;191000.94;T2_0105;23402313.17;585096.45;6721487.52;T2;798361.49;15797199.09;0105;4298302.8;2209362.73;1048266.79;3306811.28
974725.76;0;AVIS;0;2592.23;T2_1203;3838166.89;35360.97;1692390.08;T2;13397.4;2919078.89;1203;234024.44;216602.08;669073.93;685063.56
1576291.31;0;AZAMBUJA;25600.4;57856.77;T2_1103;6351374.8;76013.34;2918274.25;T2;8790.58;5126794.91;1103;1047308.1;556216.01;85024.04;177271.79
1929655.28;0;BAIÃO;51666.81;314085.84;T2_1302;6284304.44;27987.43;2482390.28;T2;53103.88;5024119.9;1302;537944.83;584086.91;303383.18;722239.71
6306031.53;40032.88;BARCELOS;71912.28;1059167.46;T2_0302;21651762.39;5976.14;6961116.15;T2;157296.01;16209245.41;0302;3851617.23;2936121.59;262491.12;1590899.75
241745.9;0;BARRANCOS;0;9810.18;T2_0204;1888158.49;12891.4;964528.59;T2;5691.71;1642560.65;0204;204278.75;423394.76;25817.2;41319.09
5886129.61;24152.85;BARREIRO;604652.34;634096.84;T2_1504;20679599.98;295122.35;7519277.68;T2;93464.46;16038356.13;1504;1870546.3;2337826.49;1414331.06;2770697.55
2185069.65;5350;BATALHA;774999.07;718899.81;T2_1004;5321280.53;7154.7;898245.57;T2;50120.64;3465798.16;1004;233870.3;375328.24;72242.55;1621612.07
2649587.13;1379.5;BEJA;343.5;192074.3;T2_0205;9865925.76;52292.9;4206138.44;T2;174840.76;8282654.83;0205;929340.74;1374636.36;285292.13;653930.19
1507604.02;63197.47;BELMONTE;33948.04;133644.98;T2_0501;2988726.28;17713.22;594489.9;T2;16851.26;2419112.99;0501;200336.75;299305.85;121634.79;369276.54
2372970.65;0;BENAVENTE;0;14362.63;T2_1405;7055866.26;4191.49;3051376.7;T2;402.04;6633348.73;1405;349325.81;1204809.89;58427.05;73191.72
1873689.05;0;BOMBARRAL;72000.95;36925.78;T2_1005;4192774.33;70156.11;1659843.02;T2;23856.58;3772517.32;1005;221734.95;168829.14;65738.75;198522.06
1121211.31;18646.43;BORBA;83353.88;11280.59;T2_0703;3650630.39;115441.99;1611335.61;T2;27125.4;3002194.46;0703;403433.58;154205.55;104596.05;245002.35
959610.75;0;BOTICAS;21274.7;89925.47;T2_1702;3270790.25;5679.85;1275478.22;T2;0;2707168.19;1702;356641.4;466399.37;95780.49;206980.66
8417202.27;0;BRAGA;0;909907.61;T2_0303;39777346.59;183820.21;12538634.45;T2;1005097.84;31557598.18;0303;5653749.01;10417941.25;650993.95;2565999.4
5420729.55;60593.12;BRAGANÇA;188760.95;645112.46;T2_0402;13911636.94;90822.22;3493349.59;T2;485535.35;9776861.42;0402;1615056.35;771960.06;1139717.29;2519719.17
1802970.54;0;CABECEIRAS DE BASTO;50051.47;128272.24;T2_0304;5613168.07;63473.71;2405488.21;T2;70834.38;4610261.52;0304;392143.46;338329.06;361605;610763.09
1706676.45;0;CADAVAL;21204.91;120415;T2_1104;4760380.88;17617.32;1902815.76;T2;418704.82;3950729.22;1104;209039.31;323619.69;40287.62;600612.35
3535816.58;54000;CALDAS DA RAINHA;6755.91;774660.67;T2_1006;11436259.93;44570.39;2714099.25;T2;630463.9;7587717.03;1006;944995.32;1293230.81;1437667.1;2903547.58
1210224.1;0;CALHETA (MADEIRA);13224.18;829990.65;T2_3101;4525932.97;53611.05;1182268.6;T2;53433.29;2830166.04;3101;668804.57;384062.29;130314.24;1026962.36
277120.49;0;CALHETA (SÃO JORGE);10434.31;1053970.88;T2_4501;2821981.22;58127.22;879174.58;T2;0;1253711.71;4501;462466.43;39289.42;41397.89;1105803.08
928664.71;42791.4;CÂMARA DE LOBOS;2163.17;1543987.52;T2_3102;5996443.54;72656.57;1912339.67;T2;0;3338687.64;3102;754090.27;425026.69;314723.54;1903665.63
2660694.76;0;CAMINHA;283911;814718.68;T2_1602;9087875.72;63807.37;2678276.1;T2;854769.23;6101609.35;1602;487886.35;698831.12;544981.11;2498380.02
1194951.4;475442.27;CAMPO MAIOR;10468.06;665629.81;T2_1204;4492105.64;12809.95;1600866.53;T2;1897.95;3199572.68;1204;102257.36;390944.8;36837.51;1190275.6
2225071.2;10570.7;CANTANHEDE;10726.19;400379.87;T2_0602;10821458.52;128296.89;2543983.05;T2;1246662.64;6270653.91;0602;2387071.94;1373302.77;495393.27;2163732.67
760058.64;90708.41;CARRAZEDA DE ANSIÃES;0;27405.85;T2_0403;3546798.73;11689.7;1243580;T2;292321.93;2383300.28;0403;523835.8;367971.94;229226.46;639662.65
1026166.47;18807.19;CARREGAL DO SAL;20697.95;502765.79;T2_1802;3285954.08;14842.79;1132663.87;T2;2874.63;2334223.52;1802;320866.39;160550.39;85718.61;630864.17
1835334.65;18499.96;CARTAXO;15102.24;10189.86;T2_1406;10126081.43;1426003.69;3362173.78;T2;284697.58;6990102.16;1406;1632247.86;366590.04;1175241.77;1503731.41
32868812.54;558982.36;CASCAIS;113490.74;1371743.73;T2_1105;67220379.94;925719.87;16865617.83;T2;1899010.45;58396953.46;1105;3534525.87;7736803.22;1345673.33;5288900.61
387606.76;0;CASTANHEIRA DE PÊRA;0;3289.53;T2_1007;2880840.3;292074.3;694511.1;T2;13787.98;1648942.31;1007;1193343.04;274750.15;21477.44;38554.95
4037040.31;466407.88;CASTELO BRANCO;180505.92;1679201.32;T2_0502;14955653.5;33905.77;3573846.91;T2;865837.53;9464609.31;0502;1447570.01;1819816.32;851521.53;4043474.18
1623804.05;0;CASTELO DE PAIVA;17250.97;63086.23;T2_0106;4932864.81;150004.93;1579863.3;T2;4246.85;3865294.26;0106;931032.08;511621.98;51954.42;136538.47
741909.66;126547.47;CASTELO DE VIDE;9035.38;68565.15;T2_1205;2620711.38;1526.75;1209425.1;T2;35619.85;2134422.42;1205;100098.84;181560.91;146422.27;386190.12
2045243.65;13903.39;CASTRO DAIRE;121325.45;639990.55;T2_1803;6928245.12;9737.22;1970050.68;T2;665742.71;4835400.7;1803;290019.05;810369.15;361863.27;1802825.37
2103810.06;59263.89;CASTRO MARIM;129363.97;998732.62;T2_0804;5874621.28;22673.9;1360173.86;T2;2821.25;3961695.14;0804;296476.14;475037.32;426268.27;1616450
1231272.57;0;CASTRO VERDE;9474;84437.98;T2_0206;5221198.86;14910.01;1876530.52;T2;141568.3;3776055.41;0206;530327.62;653342.31;679335.55;914815.83
1192799.79;0;CELORICO DA BEIRA;29732.27;356462.05;T2_0903;4600120.47;133601.24;1666308.11;T2;66908.84;3426311.4;0903;589271.22;433602.26;131434.69;584537.85
1899669.26;87398.92;CELORICO DE BASTO;0;33552.73;T2_0305;8361763.27;188763.32;2385525.51;T2;1325329.05;4965868.99;0305;909466.6;491910.9;1040146.98;2486427.68
1083750.31;66700;CHAMUSCA;0;0;T2_1407;4083832.63;34889.39;1565104.56;T2;60083.75;3231340.52;1407;515060.31;547596.26;210648.05;337431.8
3995118.2;24334.33;CHAVES;220731.53;2284086.63;T2_1703;18520188.83;829778.29;4452525.45;T2;683633.8;10179420.34;1703;2396075.73;901998.4;2731906.47;5944692.76
2360979.67;47807.65;CINFÃES;15830.1;703237.4;T2_1804;7900454.53;17300;1968165.12;T2;29960.26;5435880.45;1804;270815.32;1089435.66;1396923.35;2193758.76
8851993.14;588189.7;COIMBRA;26128.28;229820.02;T2_0603;33784713.96;342628.15;13381932.49;T2;207618.92;27473283.39;0603;2710577.17;4896729.61;2549096.48;3600853.4
1861595.04;0;CONDEIXA-A-NOVA;87540.08;116722.39;T2_0604;5082710.95;18410.75;1684061.49;T2;10813.69;3968005.5;0604;271596.83;403938.22;628032.46;843108.62
740149.47;4279.82;CONSTÂNCIA;9945.76;4936.6;T2_1408;2473161.66;21156.34;949431.26;T2;191190.7;1932380.2;1408;295508.44;221643.13;34920.14;245273.02
1759543.2;132589.44;CORUCHE;34151.2;524964.72;T2_1409;7428448.05;23871.45;2907742.6;T2;112684.91;5510896;1409;139330.81;819738.75;973830.97;1778221.24
177292.19;10504.56;CORVO;7497.23;4780.4;T2_4901;609884.65;2256.5;248327.14;T2;4573.37;439740.49;4901;71882.65;11864.66;70905.95;98261.51
3737375.84;130745.96;COVILHÃ;96236.23;311000.69;T2_0503;13789965.34;221324.62;3047784.84;T2;870192.98;8530366.33;0503;3235588.35;1523881.03;615834.8;2024010.66
931223.03;0;CRATO;130531.76;230864.52;T2_1206;3009632.27;9710.61;1093909.13;T2;41919.47;2214065.97;1206;274440.25;179223.2;117810.3;521126.05
742824.99;0;CUBA;125500;10159.09;T2_0207;2462034.3;8725.41;1089739.9;T2;0;2122392.91;0207;179342.92;281102.61;24639.38;160298.47
3389361.14;488525.03;ELVAS;2286.25;115932.1;T2_1207;11017503.45;4182.17;2319282.22;T2;196790.29;7846183.22;1207;170266.94;2133357.69;2197519.62;3001053.29
1984547.3;2542.45;ENTRONCAMENTO;5516.07;323658.98;T2_1410;6734662.9;123922.44;2593375.06;T2;720359.34;4896122.42;1410;450721.83;194277.62;335741.81;1387818.65
4412651.77;13119.19;ESPINHO;50595.74;180419.52;T2_0107;15305364.05;149495.46;4747393.05;T2;2187339.69;9709877.65;0107;1889259.95;400337.37;1274752.31;3706226.45
2321940.48;187071.67;ESPOSENDE;0;595854.03;T2_0306;8116445.77;22725.49;2243810.21;T2;99394.09;6363547.15;0306;759560.61;1775070.97;111018.22;993338.01
2380391.69;186215;ESTARREJA;184587.88;90634.69;T2_0108;6440394.71;26343.47;2178764.19;T2;42510.27;5116237.54;0108;502920.14;530738.19;317289.19;821237.03
2281234.33;119823.45;ESTREMOZ;822781.01;0;T2_0704;6361028.6;96511.23;1820201.58;T2;38635.94;4803799.91;0704;442553.06;605852.77;133435.23;1114675.63
3360568.21;300000;ÉVORA;33536.95;21274.51;T2_0705;19141096.34;1757193.37;9105669.33;T2;562555.85;14828412.76;0705;3165529.93;604981.85;229786.34;1147153.65
2975883.09;1465605;FAFE;396184;280093.93;T2_0307;14437491.89;81068.13;3923500.1;T2;946929.93;8868182.78;0307;1970970.56;1887731.46;509525.69;3598338.55
4606525.68;0;FARO;0;165592.19;T2_0805;16237762.2;814339.94;6814328.77;T2;62757.89;13015769.8;0805;2736955.73;780575.41;256686.59;485036.67
4202920.92;99330.05;FELGUEIRAS;534387.94;239963.7;T2_1303;15447246.3;20704.11;5358014.09;T2;1041021.1;11509478.94;1303;1239593.31;1927839.82;783471.26;2698174.05
1413519.85;0;FERREIRA DO ALENTEJO;2661.6;369;T2_0208;4572933.04;60772.5;2139123.99;T2;9444.68;4026375.23;0208;407457.13;412958.89;126625.4;139100.68
1540696.41;0;FERREIRA DO ZÊZERE;3013.5;86583.56;T2_1411;3535696.24;43494.5;1120306.22;T2;10684.75;2984085.68;1411;375029.19;279588.55;76299.56;176581.37
4395015.77;101880.9;FIGUEIRA DA FOZ;39308.98;1054900.98;T2_0605;20361757.35;648517.2;4995813.27;T2;1132739.01;11280512.95;0605;6193294.59;1241166.71;559119.94;2887949.81
1933311.51;4000;FIGUEIRA DE CASTELO RODRIGO;0;3238.05;T2_0904;4637940.59;69955.18;1230984.63;T2;97421.71;3769695.66;0904;415280.1;535444.34;348305.07;452964.83
895928.73;1389.26;FIGUEIRÓ DOS VINHOS;4648.93;29401.11;T2_1008;3619661.87;83071.54;1430384.22;T2;8724.07;2637343.45;1008;537345.72;227958.96;400809.33;444972.7
553343.88;3322.85;FORNOS DE ALGODRES;0;25331.86;T2_0905;2558937.65;342936.11;925427.94;T2;0;1837539.33;0905;686034.05;15831.4;6709.56;35364.27
903310.14;86714.36;FREIXO DE ESPADA À CINTA;0;0;T2_0404;3502308;209645.19;1395356.63;T2;0;2736505.32;0404;543416.48;228193.36;135671.84;222386.2
910108.42;0;FRONTEIRA;0;13310.29;T2_1208;2302361.95;8966.29;863002.14;T2;0;2030775.11;1208;143643.51;248698.26;114633.04;127943.33
10138906.65;198287.68;FUNCHAL;146555.97;255188.67;T2_3103;32982826.52;432762.8;14742081.66;T2;200331.8;26816219.5;3103;4210178.2;1502468.39;1156064.7;1956428.82
2859819.75;13395.06;FUNDÃO;228112.99;1258235.5;T2_0504;12413247.31;990535.34;3089316.12;T2;100065.21;7481744.71;0504;2709398.12;542073.5;622295.72;2222104.48
755629.91;0;GAVIÃO;28557.46;41863.01;T2_1209;2657440.8;5860.98;1062639.72;T2;79128.49;2156095.97;1209;189031.93;331965.36;162763.94;312312.9
864688.01;0;GÓIS;175281.91;59904.23;T2_0606;3464407.88;14762.15;1366614.44;T2;35276.37;2799583.55;0606;256513.49;553518.95;137848.33;408310.84
1394810.84;39509.09;GOLEGÃ;62414.24;55981.84;T2_1412;3195174.65;14400.25;1087282.26;T2;23204.62;2731656.64;1412;89235.95;235163.29;193172.27;374282.06
10607108.82;437703.13;GONDOMAR;19008.98;981993.87;T2_1304;29457686.35;135311.88;11840793.57;T2;650587.22;24769427.75;1304;2370252.94;2186213.48;228712.46;2318005.66
1640483.63;59790.49;GOUVEIA;9330.8;511847.88;T2_0906;5419060.48;35626.18;1595373;T2;8950.82;3713046.46;0906;619815.58;441563.65;496278.45;1086198.44
2189883.61;10574.79;GRÂNDOLA;29669.3;377345.41;T2_1505;8845888.64;161046.55;4407800.29;T2;121092.5;7499331.6;1505;596761.47;740601.15;211113.57;749795.57
6446020.99;6204.15;GUARDA;66209.42;1500433.31;T2_0907;21140295.5;1089270.4;4799799.43;T2;182949.44;13000757.14;0907;6043913.04;665666.32;339829;2095625.32
9060984.39;15141.85;GUIMARÃES;0;486994.55;T2_0308;32104188.5;484886.14;12058653.38;T2;168473.97;24778848.35;0308;3857105.29;3174324.44;2797624.49;3468234.86
1087673.39;0;HORTA;538618.49;660859.92;T2_4701;5082161.54;28338.58;1686450.76;T2;0;3309819.96;4701;552935.07;507357.23;19928.1;1219406.51
3320459.07;0;IDANHA-A-NOVA;7346.52;228150.73;T2_0505;8397919.38;18568.84;2263580.78;T2;87941.91;6419428;0505;521881.69;816819.31;1133170.53;1456609.69
3193170.21;32898.38;ÍLHAVO;1084019.76;909041.4;T2_0110;11931046.56;184543.98;2642508.97;T2;215813.9;6240114.78;0110;1754697.11;219891.62;1694461.23;3936234.67
4663095.78;0;LAGOA (ALGARVE);31883.73;36752.16;T2_0806;10177385.14;48756.91;3421155.73;T2;0;9392773.28;0806;588503.84;1259764.86;127472.13;196108.02
1020607.16;42449.44;LAGOA (SÃO MIGUEL);9585.35;94606.19;T2_4201;4674497.58;25059.77;1365658.62;T2;98218.82;3167105.6;4201;972868.64;755780.05;289663.54;534523.34
8165095.75;353642.1;LAGOS;264211.45;702180.43;T2_0807;19884310.74;300759.83;5890455.24;T2;288968.18;16044157.24;0807;1643842.61;1687846.42;587308.73;2196310.89
456404.13;8977.09;LAJES DAS FLORES;53439.78;120387.42;T2_4801;1582335.86;3715.76;603372.59;T2;54843.53;1098359.58;4801;167454.22;34867.1;78874.24;316522.06
373660.95;0;LAJES DO PICO;170163.71;426008.2;T2_4601;2634896.64;48862.66;862869.48;T2;720.2;1452864.8;4601;547496.19;167471.71;37643.54;634535.65
4016699.32;5567.69;LAMEGO;670710.82;643709.74;T2_1805;15918507.08;320460.79;2433136.34;T2;4804765.23;7773161.79;1805;1504367.33;1002865.34;516224.48;6640977.96
7108574.4;1476;LEIRIA;42397.01;5094902.84;T2_1009;28745003.41;527258.9;6385474.39;T2;2043828.49;17242632.14;1009;3297742.54;3221324.45;1022024.39;8204628.73
55927391.8;3337304.42;LISBOA;857743.6;6179479.74;T2_1106;282944443.59;5376532.77;111331111.75;T2;4749378.96;223815053.33;1106;30474279.96;51180017.01;13531203.58;28655110.3
12606160.18;91165.85;LOULÉ;685353.19;3225683.28;T2_0808;38073718.64;104344.73;13568554.79;T2;153931.16;28374931.55;0808;3508238.81;2095871.85;2034414.8;6190548.28
14904639.31;39091.52;LOURES;752.15;164339.7;T2_1107;47015768.46;314799.19;19837078.64;T2;764973.3;41327487.85;1107;4428162.33;6270970.71;290961.61;1260118.28
3261547.63;7681.35;LOURINHÃ;30203.66;116760.72;T2_1108;11257414.18;102591.75;2981891.62;T2;1785268.23;7328770.21;1108;1451837.38;982739.21;536892.63;2476806.59
2911530.53;29649.08;LOUSÃ;501914.93;570321.19;T2_0607;7549170.45;43443;1944369.04;T2;354764.27;5470650.75;0607;369931.69;571308.18;251938.54;1708588.01
3571514.46;285150;LOUSADA;118395.36;111637.2;T2_1305;18323407.13;107360.2;5023909.13;T2;6752460.21;9527840.96;1305;1118991.58;825057.17;408931.82;7676574.59
1768567.54;0;MAÇÃO;26698.12;208925.65;T2_1413;4620065.06;12607.56;1573902.66;T2;165118.23;3826148.84;1413;245645.16;471071.08;147529.06;548271.06
3001020.79;22749.33;MACEDO DE CAVALEIROS;0;111635.44;T2_0405;7012143.87;34816.85;2424639.84;T2;3690;6102114.34;0405;733793.65;641636.86;38161.11;176235.88
677853.13;0;MACHICO;29531.99;199757.67;T2_3104;4658895.12;444965.87;1863955;T2;0;3397682.6;3104;803652.65;410908.6;228270.21;457559.87
823622.95;0;MADALENA;28578.34;881619.82;T2_4602;3866710.96;8248.1;1131196.81;T2;227318.43;2184196.48;4602;288056.86;221128.62;256941.03;1394457.62
9853471.63;0;MAFRA;377458.1;2672296.02;T2_1109;25475037.1;180487.32;7238424.5;T2;525164.94;19099666.6;1109;1750162.16;1827283.15;1050289.28;4625208.34
7683167.56;201527.41;MAIA;118402.49;887806.13;T2_1306;29519029.33;95577.58;9765521.66;T2;1935854.98;19492976.78;1306;2967460.16;1948709.98;3915001.38;7058592.39
2330245.24;29392.37;MANGUALDE;105970.99;515870.06;T2_1806;7048893.91;125979.75;2364710.91;T2;532998.09;5002926.89;1806;783156.22;181990.99;78579.29;1262810.8
641888.62;1750;MANTEIGAS;3503.26;10040.42;T2_0908;2299210.52;8722.61;678126.21;T2;164939.59;1748005.21;0908;277797.72;419267.77;93174.32;273407.59
3916946.46;6339.91;MARCO DE CANAVESES;451171.37;209007.86;T2_1307;13099386.57;217778.08;3548654.05;T2;839808.46;9449029.79;1307;1622266.6;1765651.2;521762.58;2028090.18
3298327.3;10196.2;MARINHA GRANDE;69961.01;140283.41;T2_1010;7489293.08;7135.1;2706347.68;T2;107677.36;6606670.51;1010;348329.25;594860.43;206175.34;534293.32
634560.1;126006.69;MARVÃO;126989.61;68833.3;T2_1210;2191177.02;2643.42;843752.73;T2;30133.29;1672055.08;1210;122448.27;191098.83;44710.78;396673.67
10910897.13;2313173.62;MATOSINHOS;159698.6;841501.99;T2_1308;42383241.37;430526.88;15289878.08;T2;1659214.31;31557056.82;1308;3590328.64;4925754.73;2262267.39;7235855.91
1575342.5;35000;MEALHADA;8176.53;177596.1;T2_0111;5860176.5;0;2386123.68;T2;966668.92;4244220.78;0111;377774;282754.6;50740.17;1238181.72
647076.76;45113.2;MEDA;115418.32;870933.89;T2_0909;3608382.32;113099.14;1517344.46;T2;0;2415328;0909;133682.64;137807.64;27906.27;1059371.68
;;MELGAÇO;;;T2_1603;;;;T2;;;1603;;;;
1520658;50515.72;MÉRTOLA;185447.8;192352.31;T2_0209;6635339.12;15451.28;2372626.55;T2;310688.65;4549158.89;0209;729187.1;640423.06;617988.65;1356993.13
611470.91;11978;MESÃO FRIO;79701.42;22283.84;T2_1704;2740749.03;68431.5;1101047.41;T2;7665.29;1895244.54;1704;394330.8;114294.72;329545.14;451173.69
1806569.11;0;MIRA;78866.19;485267.09;T2_0608;4902909.05;5108.18;1881102.3;T2;61551.84;3890462.43;0608;164694.7;197682.84;222066.8;847751.92
1251779.34;0;MIRANDA DO CORVO;29873.03;68283.76;T2_0609;3585019.04;10999.14;1444547.85;T2;57131.18;2998275.8;0609;254233.59;290949.47;177221.68;332509.65
1834513.04;113331.2;MIRANDA DO DOURO;24353.5;323278.58;T2_0406;4957330.6;187208.55;1510006.16;T2;61977.96;3814445.87;0406;559181.6;282718.12;60761.89;583703.13
3200180.47;25527.35;MIRANDELA;69156.37;573069.95;T2_0407;13710916.68;449511.08;3083944.57;T2;3244735.15;7594108.36;0407;1131434.62;860472.24;1072884.88;4985373.7
2385699.46;0;MOGADOURO;110508.59;481822.34;T2_0408;8078783.46;10795.57;1370877.15;T2;98869.28;4317918.4;0408;555881.52;550546.22;2513783.33;3204983.54
1296994.44;332495.56;MOIMENTA DA BEIRA;100304;1111506.81;T2_1807;6081009.32;119609.4;1485974.68;T2;20959.47;3306870.87;1807;469664.33;404292.35;739208.28;2304474.12
3605725.34;28449.36;MOITA;164924.86;368857.07;T2_1506;15121813.22;51163.1;7219482.56;T2;75264.39;12310784.69;1506;1615980.49;1434413.69;557552.36;1195048.04
1761866.47;1204.95;MONÇÃO;105293.41;343649.47;T2_1604;6732219.17;52010.48;2215054.3;T2;147800.06;4437070.12;1604;1443448.08;408138.87;253753.08;851700.97
830546.74;0;MONCHIQUE;322802.42;211912.73;T2_0809;4440964.38;4342.48;1808575.37;T2;6525.04;3111224.79;0809;611156.67;467760.2;177342.73;718582.92
905930.63;8676.8;MONDIM DE BASTO;15117.34;65522.97;T2_1705;3721292.63;117942.93;1420371.02;T2;18272.61;2697211.76;1705;811334.73;252967.18;105156.42;212746.14
639243.99;0;MONFORTE;0;77411.24;T2_1211;3064532.7;29346.87;1266018.71;T2;16319.59;2230005.76;1211;683118.86;295396.19;57677.25;151408.08
2270916.22;169079.56;MONTALEGRE;138823.7;555763.17;T2_1706;7690665.11;8394.37;2210943;T2;495670.27;5220048.27;1706;761720.24;729794.68;349559.9;1708896.6
1561688.87;29747.49;MONTEMOR-O-NOVO;3884.77;12172.03;T2_0706;7018002.55;11440.26;3263683.2;T2;470365.34;5601298.54;0706;716247.98;764486.21;184286.4;700456.03
2198910.48;508458.99;MONTEMOR-O-VELHO;500500.6;779967.43;T2_0610;7625598.33;466295.26;2077296.72;T2;239062.45;5175188.08;0610;285039.27;432685.62;633165.5;2165370.98
2916048.06;2121.5;MONTIJO;63921.28;83121.72;T2_1507;12311165.34;44694.36;6707789.03;T2;706550.05;10520852.36;1507;726577.1;852320.91;208021.33;1063735.88
840577.24;7968.77;MORA;17262.31;57380.4;T2_0707;3317408.95;5956.68;1285226.83;T2;40624.53;2414000.17;0707;185304.7;282239.42;594868.07;718104.08
777336.12;87609.68;MORTÁGUA;24479.42;250899.59;T2_1808;3266466.66;15504.67;1262148.91;T2;33099.37;2452378.23;1808;308453.29;397388.53;109547.08;505635.14
1726514.31;0;MOURA;226158.61;196262.09;T2_0210;7589857.12;56536.97;3111724.29;T2;3624.35;5362655.38;0210;842744.12;467879.81;958412.57;1384457.62
650299.78;0;MOURÃO;765.17;0;T2_0708;2658701.2;101960.71;1527521.07;T2;0;2426978.41;0708;188248.04;147196.85;42709.58;43474.75
1032926.11;15555.54;MURÇA;3316.13;63185.43;T2_1707;3144296.62;98596.41;1191770.73;T2;19000.87;2466486.86;1707;560940.13;143193.61;15811.66;116869.63
730064.51;116746.26;MURTOSA;10227.48;316649.8;T2_0112;2873143.76;3594.82;929706.43;T2;198960.43;1913375.79;0112;164181.78;250010.03;153002.22;795586.19
2188748.21;0;NAZARÉ;22645.12;139977.03;T2_1011;16759898.02;926681.63;2005429.63;T2;5442899.91;5980063.2;1011;2287633.65;859203.73;2886679.11;8492201.17
1266039.31;67396.2;NELAS;170135.67;125272.45;T2_1809;4476529.56;274196.61;1667608.95;T2;49729.44;3609445.23;1809;419512.85;401600.36;35037.72;447571.48
1057677.16;0;NISA;0;189986.21;T2_1212;4324626.68;20376.64;2026066.6;T2;255939.6;3340619.84;1212;290739.07;236499.44;247341.96;693267.77
401063.6;0;NORDESTE;0;0;T2_4202;2216121.48;301616.59;711640.32;T2;5192.93;1670455.33;4202;445600.81;256134.82;94872.41;100065.34
2029970.72;289385.55;ÓBIDOS;73115.96;186662.26;T2_1012;6554200.88;73763.34;2502726.93;T2;866.9;5087849.44;1012;817237.73;481388.45;99083.04;649113.71
3372106.73;8890;ODEMIRA;308805.19;629669.47;T2_0211;12383679.9;37550.29;4240473.76;T2;95615.65;9422777.82;0211;1303771.15;1772647.04;614150.62;1657130.93
11658291.69;161345;ODIVELAS;130522.15;573380.21;T2_1116;32142183.05;301729.6;12315761.66;T2;520757.91;26703766.54;1116;3905081.72;2427983.59;147329.52;1533334.79
13848668.69;327466.12;OEIRAS;1315490.43;1250708.86;T2_1110;47411925.57;1011015.72;16836730.17;T2;5054533.19;36147735.32;1110;2307955.86;4451320.74;1008035.79;8956234.39
1481958.51;54294.88;OLEIROS;31232.67;1173037.49;T2_0506;4857169.4;16559.79;1109408.44;T2;8936.59;3149397.37;0506;303254.51;541470.63;137015.89;1404517.52
2103969.56;4047.08;OLHÃO;7178.58;6374.58;T2_0810;9335558.15;159843.24;4255761.69;T2;0;8029973.34;0810;1145661.91;1510398.85;142322.66;159922.9
4597485.81;412268.27;OLIVEIRA DE AZEMÉIS;391849.38;1348489.66;T2_0113;17344233.46;149201.18;4924843.47;T2;756920.31;10947808.46;0113;2748792.49;1276278;738104.89;3647632.51
1189035.3;4368.1;OLIVEIRA DE FRADES;301771.91;572286.56;T2_1810;5929336.44;22451.03;1401495.64;T2;1759453.8;2808125.39;1810;314585.63;195143.42;168745.05;2806625.42
2036513.65;10000;OLIVEIRA DO BAIRRO;13497.95;551482.86;T2_0114;9047839.04;60154.05;2227790.29;T2;2783629.68;4841623.32;0114;697332.94;517165.33;150272.29;3508882.78
2880424.14;21526.5;OLIVEIRA DO HOSPITAL;176162.23;165557.3;T2_0611;7160037.56;22028.98;1854803.12;T2;88112.93;5810072.74;0611;644615.04;1052816.5;253990.82;705349.78
4548297.66;181583.97;OURÉM;19107.89;78962.81;T2_1421;12740024.74;166791.06;3432381.37;T2;755331.86;9081155.27;1421;2023248.4;933685.18;600634.54;1635621.07
1034078.77;14855.63;OURIQUE;211350.4;91025.35;T2_0212;4935643.39;39134.41;1967405.52;T2;36174.63;3475544.18;0212;950977.59;434925.48;155715.61;509121.62
4077887.56;635506.95;OVAR;4018;1276903.87;T2_0115;12462977.37;80255.32;3576620.03;T2;221247.2;9470940.63;0115;522274.19;1736177.72;332086.53;2469762.55
4185400.55;39614.37;PAÇOS DE FERREIRA;1799.21;213115.23;T2_1309;13106904.1;395287.16;3850321.22;T2;2578988.31;9310292.6;1309;868189.23;879283.67;94905.15;2928422.27
7579707.77;0;PALMELA;46264.52;336452.13;T2_1508;19392282.56;150614.1;8988730.39;T2;319154.97;17866106.31;1508;530600.03;1147054.05;293704.6;995576.22
1646374.46;96000;PAMPILHOSA DA SERRA;66472.31;387430.56;T2_0612;4887563.67;233.34;1230661.24;T2;83847.74;3679518.5;0612;129119.33;802249.46;445175.23;1078925.84
7026823.43;22961.95;PAREDES;239595.34;1345981.73;T2_1310;23670071.85;400750.92;7055413.3;T2;859570.95;16831918.05;1310;4132188.82;2348930.4;237855.01;2705964.98
1136167.88;0;PAREDES DE COURA;84975.53;449479.48;T2_1605;5349712.82;201160.63;1502337.59;T2;975159.73;3073422.59;1605;553991.83;233756.49;212683.66;1722298.4
845654.66;6210;PEDRÓGÃO GRANDE;0;36172.85;T2_1013;2164326.65;9889.67;741245.34;T2;850.31;1915772.3;1013;177718.5;318982.63;27602.69;70835.85
1714225.55;0;PENACOVA;55607.31;669720.45;T2_0613;5020411.3;18505.61;1235904.67;T2;205280.21;3586498.19;0613;293408.4;617862.36;209896.74;1140504.71
3218739.71;235430;PENAFIEL;735920.05;1399411.97;T2_1311;17811019.02;101725.92;5745260.52;T2;3159249.09;10460417.51;1311;1172349.6;1394691.36;648240.8;6178251.91
919039.06;7910.39;PENALVA DO CASTELO;22399.72;324570.93;T2_1811;3372043.04;5168.95;1015910.91;T2;78851.65;2417415.08;1811;352113.05;477296.16;168782.22;602514.91
2018185.38;8000;PENAMACOR;325658.07;30643.14;T2_0507;4703822.11;29798.99;982349.75;T2;274524.06;3383714.77;0507;255176.57;353380.65;426105.5;1064930.77
675360.08;21397.17;PENEDONO;68121.26;106773.99;T2_1812;3027471.26;0;773320.3;T2;1012566.59;1682791.63;1812;69757.33;234111.25;66063.29;1274922.3
903828.99;2746.18;PENELA;34311.05;133003.42;T2_0614;3308395.01;36779.69;987219.7;T2;451227.5;2226130.03;0614;341695.03;298301.65;119281.8;740569.95
1985793.76;39775.02;PENICHE;0;49881.28;T2_1014;7665608.97;51760.63;3150920.17;T2;653867.27;5971066.33;1014;627355.51;782591.77;323663.56;1067187.13
1660597.23;11583.95;PESO DA RÉGUA;24829.8;369304.89;T2_1708;8032687.03;175610.91;2253245.02;T2;1723946.56;4438042.59;1708;753712.63;348589.43;711266.61;2840931.81
2117789.13;0;PINHEL;80594.16;616865.42;T2_0910;5761071.45;30619.13;1668017.71;T2;371493.97;4104945.36;0910;433568.01;288519.39;153604.53;1222558.08
4309198.73;218405.43;POMBAL;873787.03;1030793.31;T2_1015;16384898.15;30979.52;3637451.01;T2;1209344.98;9857059.78;1015;1147463.94;1879430.52;2048043.68;5380374.43
4209371.13;5878.75;PONTA DELGADA;26197.89;552391.26;T2_4203;15106962.45;102855;6108423.63;T2;139731.1;12458965.28;4203;1282338.56;2038315.52;641459.61;1365658.61
858500.12;3296;PONTA DO SOL;9280.66;639757.69;T2_3105;2805094.07;2463.25;776595.4;T2;4936.99;1871068.46;3105;238210.05;233509.69;38544.22;695815.56
1439430.37;0;PONTE DA BARCA;71614.47;297259.21;T2_1606;6545536.88;53548.06;2121344.17;T2;354517.28;4284173.25;1606;866677.83;669850.65;671294.84;1394685.8
4078048.67;429934.59;PONTE DE LIMA;438571.06;257189.76;T2_1607;12829527.95;2151.73;3948259.26;T2;445357.83;9978315.55;1607;870961.87;1949855.89;409197.29;1980250.53
1774728.73;35000;PONTE DE SOR;61598.38;109933.34;T2_1213;8891898.44;2369.18;2344128.29;T2;24411.96;5371319.69;1213;147340.48;1250093.49;3142294.59;3373238.27
2432246.72;151963.6;PORTALEGRE;44570.01;216310.99;T2_1214;8832775.94;103621.69;3189013.96;T2;328543.07;5975620.55;1214;1871453.62;250738.18;244314.1;985701.77
997301.78;10750;PORTEL;58307.21;7111;T2_0709;4199102.68;19317.16;1856903.47;T2;462637.35;3398134.28;0709;184813.95;524611.87;77348.89;616154.45
9053744.74;14539.93;PORTIMÃO;0;327113.4;T2_0811;27081521.66;2011451.22;7662150.69;T2;520780.74;23543807.2;0811;2146832.32;4816460.55;528448.07;1390882.14
20506284.24;948418.61;PORTO;653478.06;1325608.69;T2_1312;68883270.42;1287797.59;30588560.03;T2;1104830.92;57628205.73;1312;6234082.94;5245563.87;988645.47;5020981.75
2560704.23;10648.8;PORTO DE MÓS;122646.9;103793.41;T2_1016;6259532.32;11992.68;2450348.87;T2;75927.77;5408759.56;1016;242901.4;385713.78;294854.48;607871.36
575620.57;0;PORTO MONIZ;0;1951.51;T2_3106;1663147.14;15926.81;609732.71;T2;0;1439535.05;3106;181945.54;238254.96;39715.04;41666.55
406115.98;1740.28;PORTO SANTO;527.03;0;T2_3201;1720729.32;23779.47;1024398.17;T2;0;1562203.79;3201;150709.42;107910.17;5548.8;7816.11
2044902.21;20000;PÓVOA DE LANHOSO;160055.01;160995.6;T2_0309;7498688.33;57723.02;2042957.97;T2;656755.48;4811435.29;0309;708108.32;665852.09;981338.63;1979144.72
7092682.12;549793.45;PÓVOA DE VARZIM;387830.51;1966255.09;T2_1313;22632617.06;121141.36;6331868.68;T2;1540631.01;15185689.87;1313;1942912.57;1639997.71;1059504.56;5504014.62
262403.94;148.76;POVOAÇÃO;134805.24;28427.41;T2_4204;3048266.46;55818.12;1034100.31;T2;140636.75;1737674.64;4204;680201.59;385352.27;326372.07;630390.23
602800.11;16800;PRAIA DA VITÓRIA;0;432570.58;T2_4302;5664603.95;50992.51;1726494.49;T2;0;3232771.11;4302;1746424.51;852484;236037.75;685408.33
1488070.75;38418.69;PROENÇA-A-NOVA;0;132854.12;T2_0508;4515832.87;7221.3;1381082.7;T2;37790.26;3563236.25;0508;245172.16;686861.5;498361.39;707424.46
1121791.72;1222.7;REDONDO;34127.36;483394.23;T2_0710;4026713.85;0;1921236.62;T2;71708.82;3341994.09;0710;25976.66;298965.75;68289.99;658743.1
1600970.43;0;REGUENGOS DE MONSARAZ;22090.95;60085.76;T2_0711;6157013.93;143553.66;2247256.83;T2;72523.4;4605751.7;0711;1167757.72;613970.78;228804.4;383504.51
1404236.32;0;RESENDE;34519.12;40550.51;T2_1813;5110805.83;48635.97;2230599.55;T2;443047.43;3960042.9;1813;382577.28;276571.06;250068.59;768185.65
557811.42;7926.22;RIBEIRA BRAVA;0;536436.2;T2_3107;3904812.92;696357.45;874441.55;T2;0;2413974.84;3107;765234.03;285364.42;181241.63;725604.05
1197903.08;0;RIBEIRA DE PENA;173650.28;77536.11;T2_1709;5267485.46;55346.28;1779910.01;T2;273525.74;4097536.92;1709;364714.77;1064377.55;280521.64;805233.77
2133317.21;25602.76;RIBEIRA GRANDE;336738.75;1171912.22;T2_4205;9400201.28;64953.86;2532309.25;T2;176149.76;5043729.47;4205;1450163.55;313149.15;1195904.77;2906308.26
3390301.04;15960.89;RIO MAIOR;84860.09;255507.03;T2_1414;8799723.22;87970.88;2663380.31;T2;50092.91;6792336.85;1414;1446312.46;650684.62;154652.99;561073.91
1183045.65;8649.6;SABROSA;28805.36;75963.81;T2_1710;3507048.08;8972.41;1308227.63;T2;47110.07;2791896.74;1710;379252.92;291651.05;175369.58;335898.42
1670542.55;1833.35;SABUGAL;181901.93;448461.77;T2_0911;6486995.98;13143.23;1944194.68;T2;113444.7;5087952.26;0911;378505.6;1460071.8;274896.37;1020538.12
1656396.09;0;SALVATERRA DE MAGOS;0;20023.49;T2_1415;4688535.85;20780.61;2051329.9;T2;7328.18;4330366.63;1415;164164.67;601860.03;166652.88;194004.55
1903723.62;2423.82;SANTA COMBA DÃO;166837.7;400991.53;T2_1814;6863852.81;310896.94;1272307.11;T2;508101.07;3634827.4;1814;1903242.8;147899.73;247428.49;1325782.61
1841262.16;0;SANTA CRUZ;462812.77;1039922.84;T2_3108;10843096.62;1774366.6;3457323.98;T2;211589.7;7272422.08;3108;1805086.62;199469.34;51262.61;1765587.92
399844.49;185749.79;SANTA CRUZ DA GRACIOSA;15347.51;49126.71;T2_4401;1853515.71;18329.22;565661.94;T2;58505.64;1303878.9;4401;135031.4;320043.25;105875.76;414605.41
226803.06;37730.53;SANTA CRUZ DAS FLORES;1801.47;66167.14;T2_4802;1121281.98;2712.48;508945.67;T2;31200.7;829360.61;4802;127632.77;90899.4;27388.76;164288.6
7319484.05;175999.02;SANTA MARIA DA FEIRA;748168.33;547992.22;T2_0109;24318302.33;315648.05;7150016.54;T2;1192514.62;17202383.59;0109;3195949.48;2417234.95;1255295.07;3919969.26
1203369.56;195775.83;SANTA MARTA DE PENAGUIÃO;17280.35;73845.57;T2_1711;4910504.05;13437.11;1021189.86;T2;1557703.15;2510813.33;1711;306490.15;272816.8;248595.67;2093200.57
540204.54;0;SANTANA;0;0;T2_3109;2070561.56;26963.32;772985.74;T2;0;1558719.43;3109;500252.13;218565.83;11590;11590
4099228.9;0;SANTARÉM;6599.34;193991.01;T2_1416;17766563.92;1205035.85;7153858.96;T2;1204211.75;13730453.71;1416;2309395.43;1272330;321912.68;1726714.78
3428154.73;8637.5;SANTIAGO DO CACÉM;96992.11;267809.96;T2_1509;11091990.76;103288.65;4969392.57;T2;77626.48;9364612.58;1509;870664.91;863776.63;405647.22;856713.27
4754205.82;3100;SANTO TIRSO;23717.8;848256.67;T2_1314;18343340.9;123241.09;4297289.51;T2;613934.77;10386469.53;1314;2503001.72;1211733.11;3964860.41;5453869.65
1606259.77;0;SÃO BRÁS DE ALPORTEL;548.29;475949.85;T2_0812;5038444.7;8450.48;2023563.47;T2;32222.34;3936323.98;0812;228299.59;298050.26;365100.65;873821.13
2698457.13;488817.4;SÃO JOÃO DA MADEIRA;14844.14;24071.41;T2_0116;7718749.84;45694.76;2370981.51;T2;143693.47;5920649;0116;982561.71;805515.6;144112.71;815539.13
2035970.68;0;SÃO JOÃO DA PESQUEIRA;3450.15;291775.62;T2_1815;4751328.06;18614.82;822858.13;T2;15720.56;3104513.46;1815;663529.7;227069.83;672338.57;983284.9
2164187.24;213630.67;SÃO PEDRO DO SUL;46472.37;259671.79;T2_1816;7570717.55;111224.3;3261844.89;T2;23776.24;5829534.48;1816;545815.84;292278.05;651816.16;1195367.23
390916.13;500;SÃO ROQUE DO PICO;20302.59;24368.8;T2_4603;1701969.59;6547.07;500234.71;T2;8118.4;1258319.75;4603;368330.06;360621.84;22029.99;75319.78
776850.35;0;SÃO VICENTE;139873.43;846875.23;T2_3110;3257626.87;13377.08;641946.34;T2;29703.85;1683348.04;3110;330405.88;251174.27;227420.44;1243872.95
831362.28;207.76;SARDOAL;0;1588.2;T2_1417;3003923.33;26689.72;1407335.85;T2;44114.25;2499224.93;1417;325435.11;233837.08;133353.08;179263.29
1110094.22;0;SÁTÃO;305622.79;708735.54;T2_1817;5313528.47;3702.49;1520635.57;T2;111542.54;2831856.69;1817;326731.01;197424.41;1029039.9;2154940.77
4067732.73;5594.66;SEIA;84989.19;71414.68;T2_0912;9917236.08;1076633.73;2576674.65;T2;45101.11;8353773.82;0912;1281028.44;632732.71;75334.18;282433.82
7846331.02;4040;SEIXAL;32128.96;161927.99;T2_1510;32508132.08;1570210.01;16239500.98;T2;21921.35;26159961.78;1510;5878474.89;503919.77;249677.11;469695.41
1566462.25;133864.5;SERNANCELHE;71538.91;610483.85;T2_1818;4355949.79;6388.77;943051.49;T2;313645.2;2649856.92;1818;200909.5;133954.41;375650.91;1505183.37
2089147.95;79581.25;SERPA;50778.58;154001.95;T2_0213;7743193.3;57223.95;2858000.58;T2;730701.84;5607774.16;0213;641996.77;603401.68;478358.75;1493422.37
1735796.52;35000;SERTÃ;521132.24;204218.57;T2_0509;5410056.6;41185.39;1908495.67;T2;8036.82;4190783.85;0509;297777.88;505306.27;153107.24;921494.87
5327330.23;177402.23;SESIMBRA;399244.55;227120.29;T2_1511;19231880.48;479146.9;8686515.83;T2;352506.06;15847886.1;1511;1400875.34;1354893.14;826845.91;1983119.04
7511762.24;96366.82;SETÚBAL;743365.7;923160.01;T2_1512;29075541.21;437913.7;12656103.63;T2;719157.83;23357672.6;1512;2270971.07;2751893.03;964847.18;3446897.54
912100.67;67047.66;SEVER DO VOUGA;98760.73;172456.52;T2_0117;3456671.9;23897.21;991905.8;T2;164591.41;2354959.38;0117;319990;427055.7;278866.2;781722.52
4691926.74;11734.57;SILVES;415226.66;142161.01;T2_0813;13488955.74;81750.44;5811050.93;T2;88778.04;11404055.18;0813;994426.27;819327.07;432574.01;1090474.29
2541355.43;0;SINES;4499.57;701775.14;T2_1513;9475790.95;92237.1;4000013.95;T2;10844.92;7488469.59;1513;808420.79;854863.11;461780.94;1178900.57
18158526.65;260599.01;SINTRA;0;890432.9;T2_1111;84489953.2;592783.68;24520512.94;T2;97902.37;50937230.51;1111;31828970.84;7665407.24;474817.57;1723751.85
1381910.34;0;SOBRAL DE MONTE AGRAÇO;1617.86;0;T2_1112;4009096.04;106156.18;1475802.3;T2;405747.64;3207469.43;1112;260751.55;243600.61;133509.56;540875.06
1721137.05;23200;SOURE;228283.51;174525.88;T2_0615;5976559.55;80990.02;2244060.46;T2;14663.41;4488420.43;0615;731086.77;442232.9;316379.55;757052.35
751931.17;42879.79;SOUSEL;26818.81;1550.36;T2_1215;3354990.85;31875.86;1285196.33;T2;252571.66;2486453.63;1215;280833.83;417450.27;263882.77;587703.39
1320488.93;7260;TÁBUA;30185.86;99632.71;T2_0616;5062473.37;97171.35;1664002.16;T2;12387.96;3695167;0616;435549.34;613504.56;782290.5;931757.03
1333526.93;0;TABUAÇO;19954.84;131085.54;T2_1819;3910765.28;69290.11;1057181.34;T2;268929.99;2599954.44;1819;604947.73;139956.06;285892.74;705863.11
914881.05;560.71;TAROUCA;20959.78;89594.34;T2_1820;4732309.82;103077.92;2133828.98;T2;115358.76;3362894.25;1820;749578.43;211106.3;393363.55;619837.14
2137061.28;10474.73;TAVIRA;5474.98;353301.4;T2_0814;10686726.12;65262.64;4521427.48;T2;101642.91;8476673.09;0814;1316159.03;1752921.69;422999.98;893894
1302227.6;0;TERRAS DE BOURO;81896.55;161258.54;T2_0310;4772894.44;11126.18;2001630.88;T2;135035.22;3903435.33;0310;439876.29;588450.67;51392.51;429582.82
2964697.29;0;TOMAR;0;288504.94;T2_1418;12095411.32;84338.44;4719421.86;T2;209317.45;8350019.5;1418;1441313.26;581561.91;1806256.17;2304078.56
3001522.91;270850;TONDELA;70791.12;1066714.78;T2_1821;10572642.4;5286.09;2434024.77;T2;189147.76;6701697.32;1821;937785.59;1260863.55;1335655.83;2933159.49
1654178.94;0;TORRE DE MONCORVO;52900.45;192996.49;T2_0409;6296863.7;183796.28;1474373.41;T2;374852.53;3670210.55;0409;1296347.74;357861.92;709555.94;1330305.41
2869748.87;5000;TORRES NOVAS;1740.67;85825.05;T2_1419;10330960.85;316121.06;3910234.53;T2;1019943.76;7335454.25;1419;1558639.45;239349.79;324357.67;1436867.15
5743974.25;420013.33;TORRES VEDRAS;2035.84;57515.01;T2_1113;26133978.78;133675.58;6489435.73;T2;1589860.61;16983863.03;1113;1767146.58;4616777.47;5313544.38;7382969.17
1032262.23;149999.99;TRANCOSO;805.91;21295.28;T2_0913;4118533.16;137135.04;1399714.4;T2;4579.67;3058931.44;0913;566015.3;489819.77;316905.57;493586.42
1776869.94;126494.97;TROFA;802833.48;493956.71;T2_1318;9918611.7;563137.01;2947289.48;T2;570498.85;6221861.21;1318;1285049.68;934564.78;417916.8;2411700.81
2117311.46;5000;VAGOS;3035.45;92516.47;T2_0118;7280083.9;220615.6;1826639.29;T2;74528.48;4884591.03;0118;882308.39;720024.68;1338104.08;1513184.48
1719430.77;155462.81;VALE DE CAMBRA;60664.94;183004.67;T2_0119;7045685.9;60234.14;2074753.61;T2;84277.41;4764726.09;0119;1352989;910307.57;444560.98;927970.81
1922543.94;17776;VALENÇA;0;171604.37;T2_1608;9169579.5;11992.75;2637838.99;T2;3611099;5001080.77;1608;222308.88;428705.09;145710.48;3946189.85
4391899.01;0;VALONGO;8210.07;132129.11;T2_1315;14193930.22;370637.89;5820413.03;T2;422039.71;11651037.46;1315;1924832.35;1068087.53;55681.52;618060.41
2116151.93;298331.69;VALPAÇOS;159064.29;328273.77;T2_1712;7040982.62;92633.28;2178817.56;T2;204745.58;5122400.93;1712;721527.67;734798.16;206638.69;1197054.02
465000.06;0;VELAS;0;0;T2_4502;2934206.52;141799.23;815907.96;T2;659628.86;1783463.62;4502;473448.34;360756.37;17665.7;677294.56
1233948.41;0;VENDAS NOVAS;9222.27;74459;T2_0712;3874848.5;111117.49;1931103.35;T2;4521.64;3453692.99;0712;278279.88;177523.74;54672.72;142875.63
1040810.48;1052;VIANA DO ALENTEJO;4190.62;56008.53;T2_0713;3302507.94;7951.55;1197031.56;T2;0;2634285.79;0713;237701.15;388492.2;369269.85;430521
4894447.78;644177.88;VIANA DO CASTELO;0;368823.85;T2_1609;24150656.43;166528.5;8299381.73;T2;1962544.58;15375606.14;1609;5203612.72;2015248.13;595891.26;3571437.57
811769.9;0;VIDIGUEIRA;2758.67;0;T2_0214;4032797.89;4053.98;1679825.36;T2;548487.03;2771517.26;0214;207195.23;275868.02;502839.7;1054085.4
1953563.51;28100.43;VIEIRA DO MINHO;3347.66;343542.61;T2_0311;6012469.59;174178.25;1394595.21;T2;364537.17;4225527.94;0311;890142.56;703190.97;157271.22;896799.09
628520.94;7296.09;VILA DE REI;0;132182.29;T2_0510;2265076.4;13415.83;1049607.08;T2;45423.9;1838965.92;0510;141526.2;147422.07;99682;284584.28
1315253.2;250384.86;VILA DO BISPO;18826.42;6662.56;T2_0815;5065556.7;59310.91;2006745.68;T2;198608.21;3961063.18;0815;74105.09;579753.39;555906.38;1030388.43
4823558.15;92119.43;VILA DO CONDE;3703;467069.25;T2_1316;19050603.73;811926.13;7870085.23;T2;342067.01;15253626.62;1316;2784793.83;1748057.11;107224.59;1012183.28
562981.33;7500;VILA DO PORTO;32906.9;41885.69;T2_4101;2361052.39;1679.64;950184.32;T2;8519.43;1678512.57;4101;390927.86;163667.28;200799.94;291611.96
1126032.7;1638.36;VILA FLOR;30165.02;86938.69;T2_0410;3372343.14;2409.64;1322122.41;T2;157874.68;2767586.21;0410;189496.96;317021.46;138643.22;415259.97
6789358.76;335282.25;VILA FRANCA DE XIRA;8815.89;26523.65;T2_1114;21864845.14;97780.8;8473250.49;T2;300318.45;18445274.54;1114;1644479.38;3084884.49;1104150.98;1775091.22
788058.17;85000;VILA FRANCA DO CAMPO;296671.92;595357.77;T2_4206;4856815.9;478044.74;1206589.8;T2;0;2704264.87;4206;715825.94;231572.16;459695.4;1436725.09
1166715.04;0;VILA NOVA DA BARQUINHA;4112.73;15084.9;T2_1420;3800151.84;35547.59;1403795.87;T2;606838.21;2787344.97;1420;301288.76;181286.47;85482.27;711518.11
1529727.72;2800;VILA NOVA DE CERVEIRA;50917.33;209709.06;T2_1610;6657486.21;30591.69;1932713.18;T2;1480426.77;3797391.88;1610;448017.22;304359.29;668223.95;2412077.11
10547640.05;133691.06;VILA NOVA DE FAMALICÃO;149829.79;1189151.57;T2_0312;31106310.1;274516.23;9466274.59;T2;1828305.39;22105486.53;0312;5088933.48;1817055.66;610912.28;3911890.09
1939074.16;1000;VILA NOVA DE FOZ CÔA;13353.3;44094.13;T2_0914;4988072.59;23510.76;1454322.13;T2;487766.41;4047211.33;0914;230701.49;630304.28;163945.93;710159.77
17427256.78;81458.45;VILA NOVA DE GAIA;0;548302.34;T2_1317;59452513.56;2300801.79;18626713.3;T2;2463195.51;41617335.71;1317;11604778.64;3262563.84;3137442.91;6230399.21
1030308.48;159733.74;VILA NOVA DE PAIVA;12560.35;391569.93;T2_1822;3414313.81;21554.77;1145411.69;T2;36744.27;2354109.36;1822;323996.89;156834.42;135599.27;736207.56
948806.93;6897;VILA NOVA DE POIARES;17927.17;7703.85;T2_0617;3463478.73;380710.82;1152467.24;T2;2499.42;2555910.49;0617;857921.9;73925.5;14618.9;49646.34
2419373.06;461034.69;VILA POUCA DE AGUIAR;52605.71;530056.63;T2_1713;9308928.8;31213;2343346.31;T2;972879.84;5624301.4;1713;304721.27;830369.03;1363329.26;3379906.13
2801950.74;95376.38;VILA REAL;92243.49;980171.68;T2_1714;14222889.72;72094.67;3751944.93;T2;1071275.32;8596198.36;1714;1498841.03;1970208.02;1888783.46;4127850.33
2462743.81;35000;VILA REAL DE SANTO ANTÓNIO;14259.04;18929.81;T2_0816;9113184.48;2380532.67;2370993.21;T2;25582.1;7984491.53;0816;1017516.82;770221.84;17405.18;111176.13
771670.17;1505.4;VILA VELHA DE RÓDÃO;13568.48;28805.54;T2_0511;2755809.92;2720.13;1284358.88;T2;1481.2;2403253.71;0511;113128.91;344504.53;194066.68;239427.3
4374573.6;21500;VILA VERDE;0;549454.91;T2_0313;15367779.75;233232.3;3751264.94;T2;3146306.99;9805752.9;0313;1406625.82;1446682.06;438139.13;4155401.03
960410.94;0;VILA VIÇOSA;39335.63;158199.96;T2_0714;3651872.43;32724.34;1443715.26;T2;64382.63;2705267.32;0714;530474.89;268416.78;154212;416130.22
1335452.87;7000;VIMIOSO;1977.23;143048.36;T2_0411;3590504.79;15083.49;1266592.06;T2;1880.01;2873726.7;0411;183431.67;256598.28;379440.82;533346.42
1588926.61;4000;VINHAIS;278723.89;134819.33;T2_0412;5850646.57;18289.61;1739426.15;T2;91533.78;4112762.27;0412;720994.37;766119.9;507812.93;1016889.93
6356177.94;729802.13;VISEU;42986.8;176393.47;T2_1823;21131225.33;106338.97;6037679.01;T2;1693667.02;16063149.59;1823;2068492.84;3562953.67;356733.48;2999582.9
1618116.94;66250;VIZELA;1911.92;426733.16;T2_0314;7458055.11;268666.42;2261511.61;T2;1102062.51;4838346.35;0314;740315.59;690051.38;282435.58;1879393.17
1045386.12;1932.5;VOUZELA;9493.94;55203.44;T2_1824;4482587.47;34829.91;1288249.97;T2;115875.44;2903102.05;1824;863617.72;534636.05;533362.38;715867.7
