IMI;TAXAS_MULTAS_OUTROS_IMPOSTOS;FINANCIAMENTO_UNIAO_EUROPEIA;IMPOSTOS_MUNICIPAIS;IUC;TRANSFERENCIAS_ORCAMENTO_ESTADO;ldk;IMT;CODIGO_PERIODO;CODIGOINE;DSC_AUTARQUIA;VENDA_BENS_SERVICOS;DERRAMA_IRC;RECEITAS_TOTAIS;OUTRAS_RECEITAS
90037.97;56012.26;287763.93;584345.66;189338.88;2836143;T1_1401;248956.55;T1;1401;ABRANTES;1750102.53;0;5748876.59;290521.47
130949.04;110625.62;795517.19;845311.7;286300.62;2192883;T1_0101;292555.33;T1;0101;ÁGUEDA;431268.13;24881.09;5017006.98;752026.96
5868.77;13316.5;33438.95;66533.11;30212.31;1264257;T1_0901;17135.53;T1;0901;AGUIAR DA BEIRA;231932.64;0;1637282.24;41120.54
0;3471.62;75242.61;88791.65;23694.22;1391516.16;T1_0701;57816.72;T1;0701;ALANDROAL;244398.87;3809.09;1999045.61;199096.32
41608.24;40294.64;198706.25;441143.45;147424.72;1396814.69;T1_0102;201120.02;T1;0102;ALBERGARIA-A-VELHA;327393.81;10695.83;2590253.21;226195.01
1325520.37;461927.72;31358.81;11140573.94;349943.73;1297082;T1_0801;8981621.64;T1;0801;ALBUFEIRA;3947901.27;21560.48;17086621.48;669705.46
29524.89;69193.41;0;503895.41;61732.54;2334372;T1_1501;342704.72;T1;1501;ALCÁCER DO SAL;532316.12;739.85;3480826.72;110243.19
47911.16;83993.44;40273.32;273753.2;73861.35;1198318.17;T1_1402;57275.29;T1;1402;ALCANENA;339706.87;10711.96;2039330.48;187278.92
213593.17;177779.17;109641.13;1249694.82;365802.86;2734356;T1_1001;471411.08;T1;1001;ALCOBAÇA;1005360.41;21108.54;5338253.52;239201.16
87572.1;390927.47;0;867266.07;97821.21;555109;T1_1502;260669.75;T1;1502;ALCOCHETE;535642.26;30275.54;2063298.06;105280.73
0;4497.13;64880.48;32862.76;11001.32;1466403;T1_0802;17364.31;T1;0802;ALCOUTIM;67127.23;0;2046282.28;415008.81
139498.56;206059.91;0;784291.06;224335.21;1643262;T1_1101;214397.38;T1;1101;ALENQUER;897786.07;0;4915160.9;1589821.77
9734.56;92435.92;141622.36;121190.28;13911.37;1361022;T1_0401;5108.43;T1;0401;ALFÂNDEGA DA FÉ;118138.19;0;13171096.74;11429123.91
14772.32;19272.24;210309.52;134639.05;55076.71;1681899;T1_1701;45517.78;T1;1701;ALIJÓ;348456.08;0;2504361.05;129057.4
57682.7;32431.5;100483.36;585089.81;31969.68;1095438;T1_0803;463005.93;T1;0803;ALJEZUR;379580.94;0;2204282.62;43690.51
14589.57;25629.67;272618.16;124566.06;46077.66;1401063;T1_0201;38269.16;T1;0201;ALJUSTREL;255931.9;0;2150910.01;96730.89
779237.66;942283.02;53573.01;3975309.26;873208.88;4142685;T1_1503;1380579.7;T1;1503;ALMADA;1771913.59;0;10490624.39;547143.53
2180.87;117621.06;2890;168307.5;34692.54;1815084;T1_0902;13813.03;T1;0902;ALMEIDA;335921.77;0;2362963.7;40760.43
49204.55;71832.22;12104.23;314225.56;110923.35;1371207;T1_1403;48179.25;T1;1403;ALMEIRIM;508929.71;34086.19;2588229.92;381763.42
8696.74;52143.48;108564.14;113384.96;37620.45;2014140;T1_0202;14073.55;T1;0202;ALMODÔVAR;234591.51;850.74;2654269.62;183589.01
8454.87;23143.8;0;111814;38041.14;786600;T1_1404;41536.12;T1;1404;ALPIARÇA;120788.86;638.07;1391998.07;372795.21
3119.79;9998.24;223236.77;26476.12;13358.09;1002114;T1_1201;0;T1;1201;ALTER DO CHÃO;215889.47;0;1577226.16;109509.8
46537.23;23959.17;585667.57;123583.09;35959.49;1117083;T1_1002;17127.2;T1;1002;ALVAIÁZERE;505889.44;0;2411982.49;79759.39
5967.27;4566.23;0;26508.05;8408.97;783894;T1_0203;7565.58;T1;0203;ALVITO;94656.39;0;986603.66;81545.22
2268953.39;650468.88;131446.47;4603352.96;756370.78;4876912;T1_1115;760318.33;T1;1115;AMADORA;2659977.77;167241.58;15329485.41;3057796.21
76745.98;321871;45533.6;826283.04;258473.14;3597342;T1_1301;169192.92;T1;1301;AMARANTE;1472290.31;0;6751750.06;810301.11
23234.74;43347.2;61292.05;272963.19;105338.39;1376934;T1_0301;101042.86;T1;0301;AMARES;277190.02;0;2312366.69;323987.43
41923.04;25166.29;0;396598.16;172978.04;2068236;T1_0103;153330.22;T1;0103;ANADIA;964926.87;3200.57;3545615.15;115854.12
24419.61;103861.09;1387513.04;295531.68;135054.6;2446168.09;T1_4301;32196.38;T1;4301;ANGRA DO HEROÍSMO;162374.48;0;4659871.52;368284.23
29178.58;107998.05;35282.52;306273.98;63624.75;1264758;T1_1003;103528.45;T1;1003;ANSIÃO;407124.26;1944.15;2080241.61;66802.85
25980.22;72210.07;907890.49;277508.68;114701.3;2676417;T1_1601;64617.09;T1;1601;ARCOS DE VALDEVEZ;923063.07;0;5409867.79;624988.55
33253.74;105129.4;83344.02;262394.09;54650.98;1494168;T1_0601;69359.97;T1;0601;ARGANIL;528471.26;0;2486363.29;117985.92
0;56259.07;70301.07;126792.38;28919.96;1250549.65;T1_1801;41403.5;T1;1801;ARMAMAR;206713.72;209.85;2268943.19;614586.37
33394.61;37414.97;682159.18;253185.36;103430.26;2104950;T1_0104;77579.45;T1;0104;AROUCA;600491.53;1366.07;3905977.73;265191.66
14026.93;10408.49;39516.55;60615.87;30043.74;1536651;T1_0702;5093.37;T1;0702;ARRAIOLOS;229891.06;1043.34;1940872.85;74198.37
1784.77;4575.27;141323.38;29494.99;13027.13;952839;T1_1202;10107.82;T1;1202;ARRONCHES;73879.69;0;1282741.39;85204.33
33476.32;34208.81;0;209150.06;80547.71;862563;T1_1102;59984.87;T1;1102;ARRUDA DOS VINHOS;677092.36;932.35;1919637.19;170831.77
285591.54;1009896.57;359380.8;2798710.66;500090.58;2263548;T1_0105;953304.26;T1;0105;AVEIRO;2476084.31;49827.71;10738675.3;2840951.53
0;4838.98;170999.87;47531.72;21669.91;1329465;T1_1203;21022.83;T1;1203;AVIS;159353.38;0;1772560.69;65210.72
63752.79;110608.64;0;734467.01;435369.72;1205476;T1_1103;124735.86;T1;1103;AZAMBUJA;406009.26;0;2683221.84;337269.57
9435.06;116149.38;100394.1;275565.88;78302.97;1915362;T1_1302;71678.47;T1;1302;BAIÃO;380721.11;0;3097220.7;425177.61
189866.66;455427.33;16552.81;1931363.8;637885.84;6056046;T1_0302;600968.36;T1;0302;BARCELOS;1021660.1;47215.61;9786906.86;761284.15
1439.07;3693.37;0;12885.81;6185.46;782970;T1_0204;1567.91;T1;0204;BARRANCOS;34630.91;0;885066.08;54579.36
208452.15;1307321.85;188724.32;2228037.08;374377.28;2404835;T1_1504;314352.08;T1;1504;BARREIRO;2187495.64;23533.72;7281788.81;272696.77
38278.27;180603.16;0;396279.07;111278.4;989685;T1_1004;58679.34;T1;1004;BATALHA;477232.15;7439.9;1968821.87;105625.65
93542.39;70789.72;138723.76;460522.01;184719.1;2649366;T1_0205;99800.83;T1;0205;BEJA;974575.98;11669.97;4410308.5;187120.75
0;11373.25;0;54677.92;29983.49;956757;T1_0501;13321.18;T1;0501;BELMONTE;73572.26;0;1652564.64;567557.46
161499.07;46637.16;0;593197.56;162263.92;1088019;T1_1405;216024.91;T1;1405;BENAVENTE;561997.33;6772.5;2631675.46;388461.57
39896.39;82066.76;0;253150.96;70976.03;896337;T1_1005;58566.19;T1;1005;BOMBARRAL;521860.38;1645.59;1754997.36;83649.02
10942.89;32107.74;6295.27;123189.89;31909.92;899751;T1_0703;45136.22;T1;0703;BORBA;234671.71;3093.12;1628078.89;364171.02
5326.2;48747.3;62738.35;80002.71;18485.26;1375449;T1_1702;7443.95;T1;1702;BOTICAS;214483.73;0;1892369.22;159695.43
481273.72;717729.98;469330.33;3783648.71;1091186.91;5371922.15;T1_0303;1413396.82;T1;0303;BRAGA;433521.99;80061.28;17434516.59;7376093.41
85415.44;485627.5;178400.16;886237.72;186769.93;3476388;T1_0402;128424.85;T1;0402;BRAGANÇA;1670915.79;0;6402592.9;190651.23
17199.32;149015.65;132006.89;292139.53;83865.7;1692669;T1_0304;35949.45;T1;0304;CABECEIRAS DE BASTO;284054.54;6109.41;2837918.55;437048.59
31290.68;37360.03;79232.47;187267.62;72434.31;1170885;T1_1104;46182.6;T1;1104;CADAVAL;496765.58;0;2157350.59;223199.92
188319.48;163333.69;592691.74;1050931.75;299963.9;1694958;T1_1006;373981.47;T1;1006;CALDAS DA RAINHA;620263.4;25333.21;4298184.03;339339.14
21175.57;18403.88;122322.95;220864.17;59637.38;1559628;T1_3101;121647.34;T1;3101;CALHETA (MADEIRA);284949.52;0;2208915.42;21150.78
8782.31;4078.43;231867.58;39390.67;22223.89;840366;T1_4501;4294.9;T1;4501;CALHETA (SÃO JORGE);89469.79;11.14;1223012.64;21918.6
64545.56;57770.67;45886.37;288998.44;124777.37;1857234;T1_3102;41904.84;T1;3102;CÂMARA DE LOBOS;126071.28;0;2362683.87;44493.78
89910.99;126900.02;183422.31;523243.32;106605.33;1458570;T1_1602;199826.98;T1;1602;CAMINHA;811116.2;0;3341103.22;364751.39
4310.81;102445.45;134369.7;239662.47;46174.12;1077372;T1_1204;85483.07;T1;1204;CAMPO MAIOR;262874.18;1249.02;1869262.11;154983.76
83894.99;87870.82;126312.22;628502.43;189263.83;2279748;T1_0602;259648.34;T1;0602;CANTANHEDE;453731.54;7824.45;3636178.03;147883.84
7376.43;12652.8;12213.88;61271.92;24191.96;1454826;T1_0403;17050.73;T1;0403;CARRAZEDA DE ANSIÃES;22108;0;1666341.1;115921.3
9602.77;85168.74;41112.75;170318.12;47922.98;987222;T1_1802;27623.63;T1;1802;CARREGAL DO SAL;49057.46;0;1360257.79;112547.46
68455.2;58442.65;-746.31;407381.45;125041.9;1072371;T1_1406;150601.09;T1;1406;CARTAXO;311629.91;4840.61;6439639.98;4649003.93
1745966.83;2259775.45;293837.57;16012908.26;1525688.54;3424176;T1_1105;10389723.73;T1;1105;CASCAIS;2341609.31;91753.71;23287468.84;1214937.7
10614.8;47662.83;4748.31;73140.54;13045.53;748077;T1_1007;1817.38;T1;1007;CASTANHEIRA DE PÊRA;129837.19;0;992069.73;36266.69
127437.3;142293.36;110218.97;911325.12;288565.23;4044384;T1_0502;353029.23;T1;0502;CASTELO BRANCO;594479.89;0;6229950.5;569542.52
10633.54;37417.83;0;190833.91;71215.19;1394460;T1_0106;71567.35;T1;0106;CASTELO DE PAIVA;193224.76;0;1940735.64;162216.97
7246.62;9583.97;0;30812.31;10794.27;951741.7;T1_1205;1606.86;T1;1205;CASTELO DE VIDE;106246.24;1580.59;1114471.25;25671
31753.66;37557.9;0;164112.15;70776.38;2008326;T1_1803;24024.21;T1;1803;CASTRO DAIRE;386938.58;0;3044993.7;485616.97
55918.72;48907.01;264439.93;327442.12;38316.85;806246.48;T1_0804;184299.54;T1;0804;CASTRO MARIM;598772.64;0;2014786.96;17885.79
5192.57;41454.25;348605.18;86029.32;37616.48;1391172;T1_0206;0;T1;0206;CASTRO VERDE;306635.07;1766.02;2205046.61;72605.04
9788.76;124193.62;108745.81;218142.21;36939.43;1361644.82;T1_0903;46492.06;T1;0903;CELORICO DA BEIRA;98764.97;728.34;2113363.34;326065.53
49088;70501.55;538461.44;315665.55;81633.92;1871844;T1_0305;114442.08;T1;0305;CELORICO DE BASTO;473792.48;0;3388717.27;188953.8
14827.63;9762.37;0;123140.47;42267.58;1728537;T1_1407;45487.05;T1;1407;CHAMUSCA;179218.08;10795.84;2237464.08;206568.53
60763.98;92344.28;1007911.9;629409.29;227945.66;3143930;T1_1703;248355.37;T1;1703;CHAVES;1627419.5;0;7116265.46;707594.77
13872.79;68043.45;67734.17;219570.08;80533.3;1982445;T1_1804;57120.54;T1;1804;CINFÃES;77411.81;0;3384228.31;1037067.25
505724.76;572453.1;68197.91;3979763.59;885859.73;4249863;T1_0603;1829005.2;T1;0603;COIMBRA;930769.05;186720.8;10354509.95;1125916.4
19223.71;23063.65;301181.36;291646.25;82110.2;1037904;T1_0604;167248.69;T1;0604;CONDEIXA-A-NOVA;869122.64;0;2609335.59;109481.34
3354.98;5607.6;19170.12;42553.82;20384.74;760792;T1_1408;13206.5;T1;1408;CONSTÂNCIA;153081.59;0;1092294.24;116696.71
29181.68;68913.69;408725.57;383304.84;83823.91;2508987;T1_1409;185210.91;T1;1409;CORUCHE;677033.01;16174.65;4292275.48;314225.06
313.54;550.39;61979.96;5211.59;4347.66;369828;T1_4901;0;T1;4901;CORVO;3616.35;0;523969.23;83333.33
86533.73;164284.84;373000.11;762786.57;230437.58;3097947;T1_0503;182611.68;T1;0503;COVILHÃ;699920.91;98918.74;5778634.62;844980.03
3009.16;7465.04;8870.44;29678.69;14381.45;1203207;T1_1206;4823.04;T1;1206;CRATO;131206.84;0;1473128.43;100165.46
4163.96;31165.83;0;93873.76;13945.8;781374;T1_0207;44598.17;T1;0207;CUBA;112804.85;0;1073218.98;85166.37
85477.53;34780.95;847939.43;414307.03;106163.88;1975719.48;T1_1207;182519.05;T1;1207;ELVAS;557602.62;5365.62;4494914.31;699345.75
46970.78;95413.07;545819.1;311794.06;105763.94;812592;T1_1410;59632.63;T1;1410;ENTRONCAMENTO;705551.91;4013.64;2724177.46;348420.39
66984.12;771520.46;1607786.17;1156842.6;164330.5;1403619;T1_0107;148573.45;T1;0107;ESPINHO;1132824.2;5434.07;8020542.31;2719470.34
125748.32;192607.84;22179.86;774723.74;198452.31;1628475;T1_0306;257915.27;T1;0306;ESPOSENDE;79237.86;0;2910593.81;405977.35
43046.29;619663.35;0;886504.88;147054;1724952;T1_0108;58733.99;T1;0108;ESTARREJA;452895.44;18007.25;3248269.01;183916.69
18055.26;73677.09;37208.23;175564.32;63279.5;1739616;T1_0704;16553.05;T1;0704;ESTREMOZ;547617.07;3999.42;2676638;176632.38
159701.37;860003.43;241891.47;1758561.92;297863.01;3243937.02;T1_0705;395527.21;T1;0705;ÉVORA;1272642.73;45466.9;7467926.37;950893.23
182328.38;139136.7;377052.84;680652.67;186759.92;3064071;T1_0307;169564.59;T1;0307;FAFE;976882.01;2863.08;5445882.12;347223.6
237864.87;256065.78;22702.86;1723215.04;583611.64;1630339;T1_0805;630569.94;T1;0805;FARO;812345.82;15102.81;4989429.61;800826.89
68174.5;181320.06;153750.77;1006627.79;312843.67;2741811;T1_1303;401966.97;T1;1303;FELGUEIRAS;1265142.06;42322.59;6340132.19;1172800.57
15089.87;64604.37;10244.23;243455.27;37619.13;1583499;T1_0208;89151.36;T1;0208;FERREIRA DO ALENTEJO;326115.37;36990.54;2286841.67;123527.8
9780.42;56161.21;44926.65;142574.78;44751.59;1175460;T1_1411;31881.56;T1;1411;FERREIRA DO ZÊZERE;263837.8;0;1738007.19;111207.96
203394.66;390308.02;499797.43;1382638.97;363850.63;2417964;T1_0605;425085.66;T1;0605;FIGUEIRA DA FOZ;1229799.35;0;7019466.94;1489267.19
3832.05;5275.12;75532.24;65474.08;25215.8;1628778;T1_0904;30011.76;T1;0904;FIGUEIRA DE CASTELO RODRIGO;202799.93;1139.35;2022959.75;50375.5
7718.08;50710.48;108479.18;111607.68;30862.12;1100979;T1_1008;22317;T1;1008;FIGUEIRÓ DOS VINHOS;194675.36;0;1616814.02;101072.8
6866.94;28599.24;0;86188.29;23826.72;1013781;T1_0905;25875.39;T1;0905;FORNOS DE ALGODRES;164282.32;1020;1312750.48;48498.87
0;22684.78;0;27760.82;0;1286607;T1_0404;4858.35;T1;0404;FREIXO DE ESPADA À CINTA;84812.64;217.69;1562858.75;163678.29
4748.21;3432.06;0;46139.01;14421.18;829947;T1_1208;23067.72;T1;1208;FRONTEIRA;138710.44;469.84;1074580.8;59784.35
550967.81;1295495.9;472.39;4441879.84;715835.82;3478602;T1_3103;1879580.31;T1;3103;FUNCHAL;4965006.93;0;13052210.79;166249.63
20119.32;116804.16;71797.16;503607.64;135752.22;2692542;T1_0504;229996.45;T1;0504;FUNDÃO;1135985.99;935.49;4788177.22;384244.43
2188.88;23990.26;0;48169;10838.65;965407.9;T1_1209;11151.21;T1;1209;GAVIÃO;150138.99;0;1262834.45;99118.56
5040.71;64342.62;62313.48;112002.09;19072.4;1100565;T1_0606;23546.36;T1;0606;GÓIS;121305.26;0;1558580.36;162394.53
7053.14;73630.38;22916.75;129712.26;27742.88;755904;T1_1412;19505.87;T1;1412;GOLEGÃ;188645.84;1779.99;1583190.91;486012.06
282283.04;486939.24;531999.58;1924611.42;773431.85;4472673.72;T1_1304;381957.29;T1;1304;GONDOMAR;3161179.48;0;11963636.02;1873171.82
14058.36;18380.75;52661.14;118204.63;64119.73;1688925;T1_0906;18668.74;T1;0906;GOUVEIA;408336.07;2977.05;2346730.09;78603.25
111781.11;174198.36;0;1432925.4;83515.18;1615431;T1_1505;1063430.75;T1;1505;GRÂNDOLA;465797.11;0;3768966.37;254812.86
83047.22;86335.82;959998.17;512119.01;227359.69;3328317;T1_0907;113085.99;T1;0907;GUARDA;1099311.86;2290.29;12247347.86;6347601.82
444670.33;633135.31;350016.83;3121067.38;897141.9;6135156;T1_0308;1045031.77;T1;0308;GUIMARÃES;1809382.87;101088.07;13451157.43;2035534.35
22104.59;66290.08;278977.64;298283.64;88713.53;1322062.59;T1_4701;58367.93;T1;4701;HORTA;429325.58;62807.51;2382340.87;53691.42
13881.54;18587.04;16893.98;107734.45;30937.98;2659643;T1_0505;44327.89;T1;0505;IDANHA-A-NOVA;475345.86;0;3403268.32;143651.03
153632.17;150118.33;333228.81;808502.69;256730.25;1403372.65;T1_0110;220328.72;T1;0110;ÍLHAVO;796660.56;27693.22;3639474.15;297709.44
273902.07;149070.52;73031.38;3234134.4;188896.56;787806.54;T1_0806;2622265.25;T1;0806;LAGOA (ALGARVE);1713392.64;0;6017663.1;209298.14
19155.59;30960.93;8595.4;163608.92;52384.73;1149609;T1_4201;59694.5;T1;4201;LAGOA (SÃO MIGUEL);576090.82;1413.17;2456617.89;558713.75
411100.66;487034.48;246551.27;2574143.5;216002.48;873054;T1_0807;1458800.88;T1;0807;LAGOS;1949314.49;1205;6309309.36;666246.1
0;153.84;0;30591.06;7615.2;653204.66;T1_4801;22822.02;T1;4801;LAJES DAS FLORES;11721.28;0;748031.49;52514.49
11544.43;2716.9;7730.87;47540.07;22147.21;961254;T1_4601;11131.53;T1;4601;LAJES DO PICO;141744.99;0;1247027;88757.07
76735.58;185704.74;187869.21;498408.98;125866.94;2052468;T1_1805;110101.72;T1;1805;LAMEGO;1163572.76;0;5528522.47;1626203.52
379912.92;526873.16;732617.6;2752743.35;814749.82;4374885;T1_1009;958257.47;T1;1009;LEIRIA;1493306.41;72949.98;10434209.23;1080656.87
2619862.32;12293343;20268.37;68151584.41;4712007.49;17126799;T1_1106;48526371.6;T1;1106;LISBOA;30250405.78;0;130695493.56;15146436
1112183.22;994111.77;1539337.58;9705741.34;588075.49;2077232;T1_0808;6945555.67;T1;0808;LOULÉ;1846241.41;65815.19;16359034.24;1190481.91
862480.47;734347.19;94.17;4274304.45;1251023.5;5084328;T1_1107;1426453.29;T1;1107;LOURES;1500472.03;0;21767970.73;10908772.08
118169.76;155709.53;600600.19;629432.83;157642.74;1211184;T1_1108;197910.8;T1;1108;LOURINHÃ;1310937.36;0;4281103.45;528949.07
33559.15;190518.39;147861.91;537783.74;85497.73;1117659;T1_0607;228175.68;T1;0607;LOUSÃ;651350.3;32.79;2727681.7;273026.75
76195.52;351585.83;1229946.36;806640.73;227817.15;2332044;T1_1305;151042.23;T1;1305;LOUSADA;988494.59;0;6492266.29;1135140.61
57256.24;5860.58;21727.56;133248.8;27757.52;1554225;T1_1413;42374.46;T1;1413;MAÇÃO;354912.38;0;2109704.13;45590.39
30998.45;236703.92;0;391377.95;64489.87;2303014;T1_0405;50743.38;T1;0405;MACEDO DE CAVALEIROS;547363.71;8442.33;3381813.06;140057.4
49818.91;30329.21;88815.88;186931.12;106783;1485015;T1_3104;0;T1;3104;MACHICO;41164.6;0;2080351.29;278424.69
4740.66;13442.67;165759.42;91686.28;33550.86;1024110;T1_4602;39952.09;T1;4602;MADALENA;175610.57;0;1766599.8;309433.53
464297.36;1138713.39;1852.07;2907850.22;474064.16;1749951;T1_1109;830775.31;T1;1109;MAFRA;2410934.42;0;10895081.83;3824494.12
439933.65;458033.05;1447313.53;4070502.32;772893.33;3013848;T1_1306;1008620.48;T1;1306;MAIA;1559260.23;1391021.81;10994882.93;903958.85
33513.44;218570.56;0;444476.76;100292.56;1739319;T1_1806;89139.53;T1;1806;MANGUALDE;629766.48;2960.67;3188705.32;375143.08
4466.14;3547.02;0;28172.36;14572.52;899454;T1_0908;5586.68;T1;0908;MANTEIGAS;103323.15;0;1088136;57186.49
104311.06;110893.52;124681.9;740056.69;297209.15;3281742;T1_1307;223014.09;T1;1307;MARCO DE CANAVESES;655677.98;4628.87;5740051.39;937892.82
77884.37;137300.29;4505.45;682645.15;248520.93;1487730;T1_1010;216265.86;T1;1010;MARINHA GRANDE;639414.18;2673.7;2965993.75;151698.97
5102.55;4188.66;0;32277.63;15615.18;854247;T1_1210;7309.52;T1;1210;MARVÃO;148830.42;61.72;1071371.69;36016.64
624589.47;6660381.72;1117852;9997672.47;942023.44;4060329;T1_1308;1512806.47;T1;1308;MATOSINHOS;1961088.57;257871.37;19502513.34;2365571.3
49205.19;50269.45;436635.4;341660.09;118942.63;1196763;T1_0111;123242.82;T1;0111;MEALHADA;576832.99;0;2919653.53;367762.05
11884.79;42009.49;0;93713;22954.76;1275888;T1_0909;16863.96;T1;0909;MEDA;92926.55;0;1629163.87;166636.32
35177.33;43685.85;132789.08;156417.26;51281.51;1549455.91;T1_1603;26272.57;T1;1603;MELGAÇO;599672.7;0;2660682.94;222347.99
8437.6;41159.07;198458.18;83746.3;27657.49;2581531.3;T1_0209;6492.14;T1;0209;MÉRTOLA;297790.44;0;3240956.22;79430
5822.57;31006.85;119350.68;67707.32;20597.11;772053;T1_1704;10280.79;T1;1704;MESÃO FRIO;158450.08;0;1419866.23;302305.15
26657.4;165324.27;0;348570.84;72912.72;1066293;T1_0608;83676.45;T1;0608;MIRA;391813.25;0;2063314.81;256637.72
12618.38;83445.4;5173.23;179634.7;40368.5;1043916;T1_0609;42645.67;T1;0609;MIRANDA DO CORVO;384941.49;556.75;1738337.88;124672.46
4498.82;29608.15;127057.5;77672.2;12072.78;1659732;T1_0406;31492.45;T1;0406;MIRANDA DO DOURO;158070.65;0;2059717.34;37184.99
41777.7;91423.58;1282890.26;304867.55;104983.82;2584277.05;T1_0407;66682.45;T1;0407;MIRANDELA;1127920.8;0;5387638.31;87682.65
11680.68;63241.73;280736.01;133477.89;38000.74;2170872;T1_0408;20554.74;T1;0408;MOGADOURO;273327.57;0;2947071.25;88657.78
22226.46;32223.8;285881.9;175349.64;51541.17;1513519;T1_1807;68158.74;T1;1807;MOIMENTA DA BEIRA;338346.31;1199.47;2454847.38;141750.53
178437.31;223945.27;2935.12;907920.21;281003.52;2625948.13;T1_1506;213997.47;T1;1506;MOITA;1792884.21;10536.64;5587551.66;257863.99
207089.19;35003.51;87204.95;785610.14;115700.94;1957347;T1_1604;427816.5;T1;1604;MONÇÃO;560000.43;0;3688352.7;298190.18
0;32717.14;123252.75;237890.32;25738.34;1564779;T1_0809;179434.84;T1;0809;MONCHIQUE;197096.51;0;2557352.69;434334.11
6650.15;19677.32;211067.47;91907.53;32325.06;1386295.62;T1_1705;33255;T1;1705;MONDIM DE BASTO;87886.17;0;2190687.04;413530.25
889.76;12821.94;0;26552.74;11360.14;1013976;T1_1211;1480.9;T1;1211;MONFORTE;120433.43;0;1598803.54;437841.37
13796.74;88259.08;0;195000.71;54130.5;2499336;T1_1706;38814.39;T1;1706;MONTALEGRE;572637.53;0;3468510.92;201536.68
8468.06;25657.92;489875.03;333972.95;75255.26;2510158;T1_0706;213855.52;T1;0706;MONTEMOR-O-NOVO;473051.01;10736.19;3965245.01;158188.02
45534.43;308152.62;245032.96;544552.98;128055.22;2295635.38;T1_0610;62810.71;T1;0610;MONTEMOR-O-VELHO;380136.71;0;3609632.92;144274.89
175313.34;320827.98;0;1088849.07;276045.05;1367070;T1_1507;316662.7;T1;1507;MONTIJO;1119794.28;0;4409283.2;833569.85
0;10857.32;355744.54;63339.46;22129.06;1121613;T1_0707;22887.9;T1;0707;MORA;296300.63;7465.18;1898520.42;61522.79
10823.91;33072.5;0;156013.27;50102.14;1301727;T1_1808;62014.72;T1;1808;MORTÁGUA;154286.71;0;1734210.65;122183.67
10546.3;23029.03;28511.78;284949.68;63679.83;2332923;T1_0210;186831.2;T1;0210;MOURA;356781.26;863.32;3088819.96;85654.24
0;2156.96;0;21138.98;11737.28;971104.84;T1_0708;5325.47;T1;0708;MOURÃO;70523.59;1919.27;1201195.69;138428.28
4135.52;22115.47;0;61910.56;27192.16;1123383.33;T1_1707;8467.41;T1;1707;MURÇA;116961.64;0;1455829.65;153574.12
18914.07;20213.09;102275.04;127844.42;59949.09;905064;T1_0112;28768.17;T1;0112;MURTOSA;228831.87;0;1425624.27;61608.94
122559.61;105125.62;105641.23;526853.03;88292.94;860316;T1_1011;208677.61;T1;1011;NAZARÉ;282616.06;2197.25;9961383.97;8185957.65
32023.81;34794.42;41112.74;175874.49;72577.83;1215276;T1_1809;36478.43;T1;1809;NELAS;334588.97;0;1909634.99;142782.79
4591.92;18899.28;0;111426.05;24574.75;1641447;T1_1212;63360.1;T1;1212;NISA;290047.62;0;2391903.66;348982.99
5538.35;5542.31;21105.36;42451.75;14015.21;1064092.15;T1_4202;16658.21;T1;4202;NORDESTE;4300.91;697.67;1132047.52;97.35
118801.66;46320.6;10453.87;708657.65;72123.9;541662;T1_1012;471411.49;T1;1012;ÓBIDOS;622688.66;0;2154328.16;270865.98
81863.59;100633.07;57436.75;382518.87;122682.27;3518613;T1_0211;75260.63;T1;0211;ODEMIRA;964148.48;2079.31;5088987.08;166269.98
411170.53;1124497.29;0;3842944.25;702650.33;3716789.12;T1_1116;1576726.38;T1;1116;ODIVELAS;2200316.52;27899.72;11686782.04;1926732.15
863437.11;905884.03;0;7751119.68;2813751.96;4387611;T1_1110;2659171.37;T1;1110;OEIRAS;3678947.95;508875.21;16596742.17;779063.54
6544.72;11120.99;0;60653.72;20157.42;1518303;T1_0506;22830.59;T1;0506;OLEIROS;334718.03;0;1976397.09;62722.34
243641.54;101068.19;124866.26;1066510.36;315869.29;1676790;T1_0810;405931.34;T1;0810;OLHÃO;278720.78;0;3838734.93;691847.53
111563.81;242350.88;283989.36;1030083.45;384722.37;3097401;T1_0113;263171.42;T1;0113;OLIVEIRA DE AZEMÉIS;780726.48;28274.97;6051476.22;859275.93
9315.64;45985.25;137090.57;185136.84;48750.38;1122555;T1_1810;37972.15;T1;1810;OLIVEIRA DE FRADES;241368.34;43113.42;2500607.77;814457.02
78201.72;35645.02;460459.18;368671.31;142916.83;1643289;T1_0114;108987.59;T1;0114;OLIVEIRA DO BAIRRO;322808.94;2920.15;3155208.55;359980.12
38020.46;314113.01;92887.95;493539.87;99900.08;1745367;T1_0611;41506.32;T1;0611;OLIVEIRA DO HOSPITAL;395728.71;0;2936975.85;209452.32
135702.18;401903.02;268529.53;928443.37;244617.06;2818158;T1_1421;141537.77;T1;1421;OURÉM;372001.26;4683.34;5212245.78;825113.62
8757.15;5894.41;63359.54;56685.91;24436.89;1636113;T1_0212;17492.78;T1;0212;OURIQUE;157695.93;104.68;2346017.59;432163.21
143374.11;292269.27;449906.01;946936.68;265714.51;1880871;T1_0115;245578.79;T1;0115;OVAR;1033078.21;0;4623002.18;312210.28
95124.05;136599.35;153357.84;858581.04;249812.28;2158734;T1_1309;274459.21;T1;1309;PAÇOS DE FERREIRA;491187.74;102586.15;4588884.36;927023.74
557695.01;1049376.65;9262.5;2561306.89;409733.87;1790003.93;T1_1508;513554.63;T1;1508;PALMELA;1999183.32;30946.73;6681713.62;321956.98
2762.45;9645.54;56759.6;25000.11;9908.69;1422411;T1_0612;2683.43;T1;0612;PAMPILHOSA DA SERRA;116802.43;0;2349319.4;728346.26
170327.1;341768.04;147823.67;1533900.29;379723.19;3580614;T1_1310;622731.06;T1;1310;PAREDES;1150071.94;19350.9;11153922.92;4741513.02
68962.57;8032.28;141685.17;133569.77;43243.56;1574604;T1_1605;13141.53;T1;1605;PAREDES DE COURA;229387.19;189.83;2271679.69;192433.56
10345.84;10176.81;6874.06;51287.61;17605.08;925560.28;T1_1013;13159.88;T1;1013;PEDRÓGÃO GRANDE;137815.52;0;1157340.77;35803.3
10940.26;68721.6;0;175251.32;74352.14;1537731;T1_0613;21237.32;T1;0613;PENACOVA;473401.27;0;2268368.01;81984.42
113083.98;228146.79;755195.49;929694.02;323706.62;3847974;T1_1311;264756.63;T1;1311;PENAFIEL;454713.23;0;6607310.02;619733.28
5791.52;20542.47;42475.46;71527.24;36052.42;1250820;T1_1811;9140.83;T1;1811;PENALVA DO CASTELO;200201.11;0;1632034.21;67010.4
0;86583.2;20630.24;133650.64;19501.54;1580637;T1_0507;27565.9;T1;0507;PENAMACOR;199031.98;0;2418128.58;484178.72
3035.64;3411.58;217721.92;24219.76;9649.77;987262.85;T1_1812;8122.77;T1;1812;PENEDONO;61368.19;0;1426246.15;135673.43
11138.2;8624.65;117256.94;56457.02;27449.91;966375;T1_0614;9244.26;T1;0614;PENELA;192021.07;0;1464741.18;132631.15
87684.99;67319.38;104356.19;484173.54;148545.02;1193352;T1_1014;177213.04;T1;1014;PENICHE;736306.45;3411.11;2982818.67;464630.49
34711.18;128606.86;598258.78;260239.45;73944.59;1304599.27;T1_1708;22976.82;T1;1708;PESO DA RÉGUA;561174.72;0;3004129.53;279857.31
14445.19;161837.27;10961.6;250116.26;45942.25;1844196;T1_0910;27891.55;T1;0910;PINHEL;297575.97;0;3121914.47;719064.64
156331.9;132062.93;894302.8;1307814.59;328024.5;3274746;T1_1015;578950.5;T1;1015;POMBAL;1739683.08;112444.76;7644524.6;427978.13
184588.63;305471.6;724030.74;1917244;341140.2;3571194;T1_4203;550186.7;T1;4203;PONTA DELGADA;621021.05;535856.87;6983329.49;149839.7
31147.14;66888.48;0;168823.84;41042.8;908154;T1_3105;29745.42;T1;3105;PONTA DO SOL;177004.84;0;1268231.5;14248.82
35335.41;65305.98;8139.63;189574.43;38040.89;1466934;T1_1606;50892.15;T1;1606;PONTE DA BARCA;235245.68;0;2874409.25;974515.51
69492.87;302846.53;556258.83;736715.11;209224.14;2898301.35;T1_1607;155151.57;T1;1607;PONTE DE LIMA;705652.93;0;5274430.02;377501.8
25980.28;13983.32;24785.2;195371.99;74105.75;2026008;T1_1213;81302.64;T1;1213;PONTE DE SOR;654275.06;0;3286967.8;386527.55
61696.05;100913.97;176561.98;420186.61;115379.69;2015734.5;T1_1214;126884.85;T1;1214;PORTALEGRE;686109.11;15312.05;3399228.19;100635.99
5710.84;5147.24;50660.24;120592.49;25164.65;1519998.99;T1_0709;84569.76;T1;0709;PORTEL;122238.59;0;1938394.33;124904.02
899148.09;312897.09;172503.35;3359100;412497.45;1197402;T1_0811;1696510.46;T1;0811;PORTIMÃO;562253.04;38046.91;6964186.08;1672927.69
913996.47;4632871.09;296144.78;12754667.81;1537411.4;6266157;T1_1312;5670388.85;T1;1312;PORTO;6324973.54;0;28114968.29;2473025.16
59648.98;87259.66;0;357250.7;129529.21;1686630;T1_1016;80812.85;T1;1016;PORTO DE MÓS;814805.61;0;3201770.94;343084.63
8456.58;9696.79;0;32022.33;13068.96;906747;T1_3106;800;T1;3106;PORTO MONIZ;93975.54;0;1032744.87;0
76544.83;15621.41;0;235570.66;44321.69;426468;T1_3201;99082.73;T1;3201;PORTO SANTO;18072.82;0;680111.48;0
44248.42;135025.99;677136.8;368023.73;123229.08;1777221;T1_0309;65520.24;T1;0309;PÓVOA DE LANHOSO;435928.13;0;3363722.05;105412.39
188924.01;430280.39;631162.71;1345280.82;324325.96;2038959;T1_1313;401750.46;T1;1313;PÓVOA DE VARZIM;3401149.85;0;10015559.76;2599007.38
7166.31;9234.42;100000;66149.14;20042.47;1039839.29;T1_4204;29465.66;T1;4204;POVOAÇÃO;145027.18;240.28;1361618.6;10602.99
34490.32;29605.63;0;241517.12;93789.82;1673331;T1_4302;36482.21;T1;4302;PRAIA DA VITÓRIA;36907.38;47149.14;2351755.5;400000
6335.91;10407.88;2500;62996.79;31331.09;1537383;T1_0508;14921.91;T1;0508;PROENÇA-A-NOVA;486605.62;0;2140595.52;51110.11
26120.52;54161.35;0;105901.43;19333.76;1147950;T1_0710;6285.8;T1;0710;REDONDO;276377.29;0;1648467.23;118238.51
2475.43;61431.46;535671.26;192258.66;46806.42;1196639;T1_0711;80896.37;T1;0711;REGUENGOS DE MONSARAZ;535365.88;648.98;3388445.95;928511.15
40437.18;34809.25;0;145400.02;46455.72;1442655;T1_1813;23510.33;T1;1813;RESENDE;278720.89;187.54;2110599.39;243823.48
27773.01;57462.45;34733.84;175470.92;56177.03;1153839;T1_3107;34058.43;T1;3107;RIBEIRA BRAVA;110115.95;0;1543425.23;69265.52
5029.87;91224.67;339258.52;143262.65;27164.74;1246296;T1_1709;15209.97;T1;1709;RIBEIRA DE PENA;755847.24;4633.4;2553487.22;68822.81
6349.9;27801.34;1149263.57;228889.94;71657.45;2286378;T1_4205;113695.25;T1;4205;RIBEIRA GRANDE;976465.87;9386;5077311.89;436314.51
53828.95;123114.47;59250.85;393521.33;112404.03;1520331;T1_1414;103848.07;T1;1414;RIO MAIOR;887709.92;325.81;4145410.72;1284597.62
0;38120.58;79371.03;81877.31;30432.05;1198902.4;T1_1710;13324.68;T1;1710;SABROSA;125885.82;0;1555055.8;69019.24
28350.84;79368.5;78559.23;179356.06;58642.5;2509392;T1_0911;12994.22;T1;0911;SABUGAL;446308.76;0;3706599.81;492983.76
34587.06;45783.39;0;410626.07;109993.52;1336068;T1_1415;210096.82;T1;1415;SALVATERRA DE MAGOS;366071.21;10165.28;2328846.51;216081.23
22068.79;54292.65;41112.75;158046.4;54408.15;956247;T1_1814;26608.2;T1;1814;SANTA COMBA DÃO;154062.68;668.61;2397937.57;1088468.74
126395.2;345154.1;0;1029260.46;241751.8;1483745;T1_3108;315959.36;T1;3108;SANTA CRUZ;964373.49;0;5005424.07;1528045.12
8981.42;10765.31;0;59422.18;28254.6;697577.14;T1_4401;11420.85;T1;4401;SANTA CRUZ DA GRACIOSA;52301.06;0;963323.97;154023.59
3762.64;1252.25;361322.61;22202.41;15240.31;578388;T1_4802;1947.21;T1;4802;SANTA CRUZ DAS FLORES;1921.07;0;983854.26;20020.17
355095.55;366074.86;1405671.48;1982198.47;746160.18;4484925;T1_0109;514867.88;T1;0109;SANTA MARIA DA FEIRA;2004247.64;0;11592744.6;1715702.01
4866.9;18780.21;325867.14;120151.05;30287.45;1040859;T1_1711;66216.49;T1;1711;SANTA MARTA DE PENAGUIÃO;237482.61;0;1909656.31;185296.51
9465.55;14141.23;0;67702.68;36596.97;1328226;T1_3109;7498.93;T1;3109;SANTANA;12362.32;0;1414724.53;6433.53
183558.43;304940.5;731053.18;1211703.57;314252.83;3225636;T1_1416;388954.73;T1;1416;SANTARÉM;1130658.78;19997.08;7479009.8;1179958.27
87958.05;48748.09;0;413541.86;158348.45;2861670;T1_1509;111273.36;T1;1509;SANTIAGO DO CACÉM;683130.06;7213.91;4349707.82;391365.9
153276.86;282539.74;740986.8;1030529.27;242917.65;3364389.39;T1_1314;312849.4;T1;1314;SANTO TIRSO;1021999.88;38945.62;6847131.63;689226.29
30921.16;101784.54;187094.75;351693.42;73003.77;915078;T1_0812;145983.95;T1;0812;SÃO BRÁS DE ALPORTEL;430866.26;0;2070665.86;185933.43
84064.57;36895.14;116762.31;532641.25;115893.82;1022532;T1_0116;292080.8;T1;0116;SÃO JOÃO DA MADEIRA;506880.77;3706.92;3989580.64;1810764.31
0;53018.95;437383.63;125953.9;32693.21;1496326.19;T1_1815;40241.74;T1;1815;SÃO JOÃO DA PESQUEIRA;215886.36;0;2433619.09;158069.01
20436.59;60022.81;93353.27;211407.02;84207.57;1968060;T1_1816;44013.25;T1;1816;SÃO PEDRO DO SUL;612955.57;2726.8;3614671.32;728895.46
5285.59;4371.54;0;46227.06;24365.04;759929.97;T1_4603;12204.89;T1;4603;SÃO ROQUE DO PICO;96318.31;0;902475.34;0
9200.98;10134.99;0;55412.79;23875.07;1046418;T1_3110;12201.75;T1;3110;SÃO VICENTE;56255.56;0;1686248.27;528161.92
3452.61;6292.07;15083.01;47096.11;19083.26;869727;T1_1417;17954.76;T1;1417;SARDOAL;146432.5;313.41;1460299.9;381961.28
13478.65;30611.04;119244.67;149810.46;62696.9;1391334;T1_1817;43023.87;T1;1817;SÁTÃO;225105.05;0;2005082.77;119588.59
42325.21;353122.37;396124.52;618285.2;116530.43;2482662;T1_0912;106307.19;T1;0912;SEIA;843882.12;0;4581710.9;240757.06
589764.97;3625372.25;595023.81;6367452.57;816116.29;3548625;T1_1510;1336199.06;T1;1510;SEIXAL;3153197.06;0;14014722.65;350424.21
4442.39;161230.08;385340.09;188617.69;19418.01;1260648;T1_1818;3527.21;T1;1818;SERNANCELHE;239033.62;0;2176734.12;103094.72
20990.82;60723.35;139010.38;327520.58;72135.84;2262859.71;T1_0213;173670.57;T1;0213;SERPA;233542.83;0;2997693.66;34760.16
13000.04;71413.3;383694.34;256549.53;71440.65;1944255;T1_0509;67361.9;T1;0509;SERTÃ;432201.53;33333.64;3073550.84;56850.44
419124.69;468284.42;53024.7;2092879.07;335618.82;1243257;T1_1511;857128.38;T1;1511;SESIMBRA;2758640.63;12722.76;7380454.36;1232652.96
704999.92;711017.58;95316.17;3912870.68;815478.06;2805331;T1_1512;1681375.12;T1;1512;SETÚBAL;3934239.69;0;11359040.13;611282.59
16715.89;21611.9;1038.38;106213.6;42646.98;1242267;T1_0117;24282.43;T1;0117;SEVER DO VOUGA;181272.21;956.4;1815203.06;284411.87
99484.98;202926.25;92958.39;1086433.41;234956.34;2045400;T1_0813;549065.84;T1;0813;SILVES;1555258.7;0;5475362.82;695312.32
57100.3;362092.4;158028.72;772964.98;84792;951441.5;T1_1513;268980.28;T1;1513;SINES;1133505.55;0;4818035.45;1802094.7
1735528.95;3402123.56;2929.59;13371053.05;2495973.14;7739937;T1_1111;3510891.42;T1;1111;SINTRA;2884045.57;2226535.98;29308662.66;5310697.45
31473.45;101338.5;32772.91;249885.86;57487.54;787500;T1_1112;57817.29;T1;1112;SOBRAL DE MONTE AGRAÇO;537611.85;1769.08;1699155.07;91384.45
26163.35;52068.43;65527.47;218995.63;88498.76;1752285;T1_0615;49795.9;T1;0615;SOURE;586025.82;2469.19;2683963.36;61129.44
8692.59;15258.85;40153.39;56365.14;21768.19;965802;T1_1215;10373.83;T1;1215;SOUSEL;243250.46;271.68;1712082.18;406511.19
10062.79;103036.73;200713.08;213238.13;64088.05;1376466;T1_0616;34972.81;T1;0616;TÁBUA;115597.79;1077.75;1971659.53;65644.53
5174.7;19427.11;90851.58;68814.79;22428.26;1249299;T1_1819;21784.72;T1;1819;TABUAÇO;175327.67;0;1725777.79;141484.75
10461.4;17949.55;120458.74;70733.85;38480.77;1181265;T1_1820;3842.13;T1;1820;TAROUCA;331136.62;0;2402933.77;699339.56
411758.07;176855.28;177320.78;1856817.11;204728.91;1617196.47;T1_0814;1063474.85;T1;0814;TAVIRA;1210652.94;0;5304769.29;442781.99
10356.8;36884.2;146698.63;94654.63;35781.97;1388508;T1_0310;11631.66;T1;0310;TERRAS DE BOURO;212809.51;0;2379095.73;536424.96
55432.73;104448.3;598764.96;512482.93;231925.49;2316012;T1_1418;120676.41;T1;1418;TOMAR;1045157.3;0;5161821;689403.81
59308.49;69500.58;603937.44;721519.68;145004.94;2498847;T1_1821;441284.99;T1;1821;TONDELA;461789.77;6420.68;4430605.14;144511.25
7458.11;23734.41;189296.73;106164.01;33977.83;1802508;T1_0409;40993.66;T1;0409;TORRE DE MONCORVO;479593.71;0;3146835.11;569272.66
70395.87;198776.34;141234.73;696641.2;189711.13;2133075;T1_1419;217966.56;T1;1419;TORRES NOVAS;607072.55;19791.3;4334721.78;756698.3
437133.79;659943.68;328246.31;2047381.12;424033.58;2896806;T1_1113;526270.07;T1;1113;TORRES VEDRAS;1374125.95;0;10833967.03;4187407.65
25460.99;53634.87;27890.5;148885.02;42701.36;1667763;T1_0913;27087.8;T1;0913;TRANCOSO;202527.27;0;2152445.78;105379.99
115615.51;256909.22;235712.91;926354.47;217749.82;1696638;T1_1318;331533.27;T1;1318;TROFA;25907.32;4546.65;3945019.52;1060406.82
50997.83;57115.66;125515.57;431033.07;144417.65;1439294;T1_0118;154722.6;T1;0118;VAGOS;295519.83;23779.33;2912774.57;621412.1
29117.79;87248.6;157591.76;428840.83;125486.9;1650156;T1_0119;96664.11;T1;0119;VALE DE CAMBRA;689880.09;90323.43;3110737.61;184268.93
35760.86;168525.73;519358.03;344545.34;86338.91;1311442;T1_1608;53919.84;T1;1608;VALENÇA;427245.19;0;2939584.98;336994.42
156709.24;232000.26;1873.21;1254500.53;433004.58;2411127;T1_1315;414516.26;T1;1315;VALONGO;1295887.54;18270.19;5347882.68;384494.4
16014.55;84909.36;56342.08;209862.53;71868.23;2366994;T1_1712;37070.39;T1;1712;VALPAÇOS;499982.79;0;3326754.69;193573.29
5621.41;5938.73;80197.03;176835.49;35451.58;971844;T1_4502;129823.77;T1;4502;VELAS;138601.44;0;1375208.83;7730.87
17672.66;110319.31;0;213013.24;56611.87;904674;T1_0712;28409.4;T1;0712;VENDAS NOVAS;420816.15;0;1626044.74;87541.35
9001.62;21046.06;60404.83;220674.94;24551.12;1044318;T1_0713;165887.4;T1;0713;VIANA DO ALENTEJO;195713.89;188.74;1597553.31;76441.65
293930.5;339199.19;139253.81;1651652.58;502989.64;3755523;T1_1609;515533.25;T1;1609;VIANA DO CASTELO;998975.44;0;10433531.91;3888127.08
8136.12;40167.56;236563.74;141448.24;27392.04;1007934;T1_0214;64579.55;T1;0214;VIDIGUEIRA;305634.41;1172.97;1868459.69;176879.3
15203.16;20864.39;0;147105.97;67298.22;1622391.5;T1_0311;43740.2;T1;0311;VIEIRA DO MINHO;524495.02;0;2890460.62;596468.13
0;21680.27;7015.78;42712.14;12204.92;932388;T1_0510;7807.44;T1;0510;VILA DE REI;71991.73;1019.51;1195590.05;141482.4
95427.95;26452.65;288392.35;318352.62;39520.87;708315;T1_0815;156951.15;T1;0815;VILA DO BISPO;261201.36;0;1676814.64;100553.31
362032.72;385651.57;202719.68;2188026.09;420893.12;2393892;T1_1316;934778.93;T1;1316;VILA DO CONDE;1817596.94;84669.75;7675623.4;1073388.69
11330.71;7054.28;2250.73;69663.51;38803.77;944319;T1_4101;12474.75;T1;4101;VILA DO PORTO;87395.73;0;1125214.13;21585.16
4478.32;16968.25;17723.67;71162.84;26519.34;1303133;T1_0410;23196.93;T1;0410;VILA FLOR;111999.92;0;1645307.24;141287.81
259608.04;442189.16;216932.16;3072181.09;666381.11;3312550.75;T1_1114;1501931.42;T1;1114;VILA FRANCA DE XIRA;2362051.44;202071.36;9846660.82;882945.38
39191.05;56361.55;387611.28;200794.69;37990.58;1086792;T1_4206;66561.11;T1;4206;VILA FRANCA DO CAMPO;292895.79;690.4;2023189.63;55095.87
6907.36;180672.25;39415.65;252743.23;42328.26;782028;T1_1420;22359.86;T1;1420;VILA NOVA DA BARQUINHA;306340.93;475.5;1699700.17;319172.36
23457.64;183785.57;52522.35;759436.01;58765.72;1452297;T1_1610;493427.08;T1;1610;VILA NOVA DE CERVEIRA;268436;0;2854605.94;321914.58
382020.56;539569.36;248530.4;3183718.99;769350.91;4882260;T1_0312;1492778.16;T1;0312;VILA NOVA DE FAMALICÃO;3594117.39;0;13249152.25;1340525.47
1247.4;20980.26;35014.75;72960.73;31959.39;1457778;T1_0914;18773.68;T1;0914;VILA NOVA DE FOZ CÔA;245864.75;0;2121046.69;309428.46
979773.81;858255.82;461385.3;5814373.27;1873333.12;6737031;T1_1317;1995414.11;T1;1317;VILA NOVA DE GAIA;2428122.45;107596.41;25866072.55;10425160.53
5254.34;59937.74;121476.81;104901.86;26948.7;922222;T1_1822;12761.08;T1;1822;VILA NOVA DE PAIVA;117710.38;0;1362322.41;96011.36
28288.48;117327.5;0;206143.14;39275.03;925878;T1_0617;2910.24;T1;0617;VILA NOVA DE POIARES;210438.44;18341.89;1702806.63;360347.05
9794.76;265573.81;694129.94;383585.2;66902.78;1918422;T1_1713;34136.35;T1;1713;VILA POUCA DE AGUIAR;558295.03;7177.5;3864435.07;310002.9
98024.13;97706.54;677376.75;772782.29;291876.09;2756805;T1_1714;280746.61;T1;1714;VILA REAL;759750.54;4428.92;5277306.69;310592.11
159730.47;262927.05;207161.24;779530.69;113756.64;642798;T1_0816;240429.89;T1;0816;VILA REAL DE SANTO ANTÓNIO;803082.96;2686.64;2852420;419847.11
5818.46;5726.25;45559.02;41292.05;12609.93;1098087;T1_0511;17135.65;T1;0511;VILA VELHA DE RÓDÃO;175498.85;1.76;1456825.46;96388.54
68321.36;156430.89;787182.37;1111611.34;249117.01;3133701;T1_0313;615023.09;T1;0313;VILA VERDE;1254098.84;22718.99;6605011.61;318418.06
8122.23;35562.44;4527.57;118987.35;40037.02;975009;T1_0714;34399.21;T1;0714;VILA VIÇOSA;176064.96;866.45;1698334.14;423745.26
2325.52;9313.7;37881.99;62996.79;21229.75;1490688;T1_0411;30127.82;T1;0411;VIMIOSO;77530.32;0;1834331.11;165234.01
10908.43;24416.39;20552.1;73475.32;31931.16;2198718;T1_0412;6219.34;T1;0412;VINHAIS;374355.25;0;2774471.48;107370.81
170690.78;336454.57;573331.22;2017902.48;548716.66;3804330.67;T1_1823;962040.47;T1;1823;VISEU;1282994;0;8657571.71;979013.34
52284.94;180316.35;60851.56;857535.65;108546.21;1594854;T1_0314;506901.29;T1;0314;VIZELA;491094.55;9486.86;4137075.84;1132740.08
11475.42;32238.22;135360.89;121965.75;48787.86;1292355;T1_1824;19611.75;T1;1824;VOUZELA;363776.53;9852.5;2062898.19;149440.02
2347232.96;106120.93;352355.49;3235672.83;385603.6;5672286;T2_1401;395015.53;T2;1401;ABRANTES;2507379.74;1699.81;12304785.3;537091.24
2892813.09;259345.13;2324625.32;4252605.81;573353.19;4275284.01;T2_0101;500599.9;T2;0101;ÁGUEDA;1186648.4;26494.5;13527223.36;1488059.82
324106.18;21437.69;177673.39;460877.54;59320.03;2528514;T2_0901;56013.64;T2;0901;AGUIAR DA BEIRA;482795.26;0;3721163.44;71303.25
366572.42;7740.31;164375.28;503448.42;47325.01;2738365.76;T2_0701;71612.46;T2;0701;ALANDROAL;503483.63;10198.22;4252689.56;343016.47
1506732.73;98018.89;169937.54;2248484.83;297905.78;2888951.98;T2_0102;315622.96;T2;0102;ALBERGARIA-A-VELHA;969663.55;30204.47;6576335.45;299297.55
12081582.8;1242234.34;31358.81;26776521.88;695609.78;2579861;T2_0801;12691158.07;T2;0801;ALBUFEIRA;10484908.15;65936.89;41551029.69;1678379.85
791504.03;149468.43;99340.4;1854805.53;123086.53;4668744;T2_1501;790006.69;T2;1501;ALCÁCER DO SAL;1154551.35;739.85;7925776.21;148334.93
1077646.32;154035.49;884475.04;1579924.22;157114.21;2396620.17;T2_1402;163601.18;T2;1402;ALCANENA;716256.34;27527.02;10534987.85;4957712.08
4223220.1;360252.52;334324.39;6308634.11;726177.39;5468712;T2_1001;974030.21;T2;1001;ALCOBAÇA;2034459.57;24953.89;14456271.11;310141.04
1613371.66;799336.55;4499.29;3649678.88;205645.52;1329294.51;T2_1502;884976.9;T2;1502;ALCOCHETE;1324672.99;146348.25;6480549.5;172403.83
181218.67;7917.38;181267.18;243328.05;22295.5;2932806;T2_0802;31896.5;T2;0802;ALCOUTIM;192856.83;0;4130414.33;580156.27
3149161.75;349982.39;32881.37;4614958.29;470388.38;3286524;T2_1101;645425.77;T2;1101;ALENQUER;1671837.95;0;12349990.01;2743788.4
329338.58;191790.07;778354.76;587197.03;40406.81;2722044;T2_0401;25661.57;T2;0401;ALFÂNDEGA DA FÉ;296522.88;0;15976362.27;11592243.6
804456.35;33529.35;211633.16;1054667.05;107361.6;3363797.98;T2_1701;109319.75;T2;1701;ALIJÓ;913069.64;0;6597167.82;1053999.99
906494.49;70427.97;125176.91;1648725.99;65014.31;2190876;T2_0803;606789.22;T2;0803;ALJEZUR;825558.05;0;4859355.12;69018.17
465564.37;54043.06;505294.54;771533.22;101302.72;2802125.98;T2_0201;142588.94;T2;0201;ALJUSTREL;533308.9;8034.13;4799039.25;186776.61
14403397.6;1459141.56;302732.38;20725471.03;1788206.27;8285370;T2_1503;3074725.6;T2;1503;ALMADA;4482651.82;0;34713723.29;917498.06
522566.76;234734.63;127419.3;852521.49;71158.19;3630168;T2_0902;24061.91;T2;0902;ALMEIDA;665047.38;0;5336466.34;61310.17
1441500.87;130148.42;13644.35;1996087.42;226137.93;2742414;T2_1403;162926.13;T2;1403;ALMEIRIM;1032423.98;35374.07;7232493.06;1447923.31
298316.64;104585.95;167751.02;522548.94;65980.99;4028280.01;T2_0202;52814.62;T2;0202;ALMODÔVAR;484580.25;850.74;5698013.13;494852.91
417295.08;36610.95;0;594367.18;75431.55;1573200;T2_1404;62649.9;T2;1404;ALPIARÇA;340100.59;2379.7;3105066.6;597398.83
207089.22;17065.21;421884.32;251570.54;27416.11;2004228;T2_1201;0;T2;1201;ALTER DO CHÃO;454763.01;0;3318250.95;185805.08
544552.11;45481.28;1960694.34;733003.31;72749.6;2234166;T2_1002;70220.32;T2;1002;ALVAIÁZERE;615615.3;0;5694536.59;151057.64
131547.28;8184.96;805.7;187746.32;17839.71;1567788;T2_0203;30174.37;T2;0203;ALVITO;230944.24;0;2179128.86;191844.6
12164395.69;1242779.51;156273.12;16867804.67;1624049.2;9301081;T2_1115;1359545.73;T2;1115;AMADORA;5973413.4;477034.54;38332249.22;6033677.03
2403079.65;531319.77;487525.56;3909115.04;534064.93;7194684;T2_1301;440650.69;T2;1301;AMARANTE;2600473.08;0;15282908.93;1091111.25
1057325.76;114449.92;104068.5;1600720.72;210741.75;2753868;T2_0301;218203.29;T2;0301;AMARES;689232.92;0;5838778.16;690888.02
1638119.59;61172.22;0;2333230.61;345161.35;4136472;T2_0103;283803.76;T2;0103;ANADIA;2010690.35;4973.69;8628974.45;148581.49
1494549.62;211529.13;1947036.68;2284028.54;288581.61;4892336.18;T2_4301;289368.18;T2;4301;ANGRA DO HEROÍSMO;405164.97;0;10048927.53;520361.16
853928.45;229383.24;126287.73;1368397.02;127390.49;2531848;T2_1003;151456.29;T2;1003;ANSIÃO;878826.97;6238.55;5074843;169483.28
1386539.67;138002.21;1587831.79;1900110.19;237661.91;5352834;T2_1601;137906.4;T2;1601;ARCOS DE VALDEVEZ;2174977.9;0;12088918.49;1073164.61
839762.11;194945.13;129218.22;1268597.77;111456.55;2988336;T2_0601;122433.98;T2;0601;ARGANIL;1142420.15;0;5697953.48;169381.34
381552.14;108783.64;184327.84;615828.79;55892.45;2696708.73;T2_1801;69010.81;T2;1801;ARMAMAR;521649.76;589.75;4853971.09;835455.97
963723.39;67987.7;2136425.99;1417853.96;217362.52;4209900;T2_0104;147755.85;T2;0104;AROUCA;1076234.39;21024.5;9366875.88;526461.54
343598.1;25231.72;48400.17;513474.25;61004.51;3073301.99;T2_0702;82108.48;T2;0702;ARRAIOLOS;457138.81;1531.44;4191188.96;98873.74
129426.17;6237.08;265275.27;177443.17;26688.04;1905678;T2_1202;15091.88;T2;1202;ARRONCHES;201406.63;0;2715715.94;165912.87
850832.7;106100.31;23747.2;1228709.04;160530.76;1725126;T2_1102;109106.02;T2;1102;ARRUDA DOS VINHOS;1323852.49;2139.25;4648567.74;347133.01
7475195.24;1352500.71;1103811.28;11695071.86;966417.14;4527096;T2_0105;1651266.93;T2;0105;AVEIRO;4131194.94;249691.84;24532786.89;3075612.81
199916.48;6654.83;284187.86;272047.62;40192.84;2672671;T2_1203;25283.47;T2;1203;AVIS;417780.66;0;3862612.96;215925.82
1451328.8;271250.49;4228.22;3145581.16;984107.8;2531160;T2_1103;438894.07;T2;1103;AZAMBUJA;640677.91;0;7001536.92;679889.63
590113.23;232286.98;176400.78;1110774.31;159349.98;3830724;T2_1302;129024.12;T2;1302;BAIÃO;721475.18;0;6691399.61;852025.34
5317914.97;786944.01;16552.81;8207040.57;1108169.09;12112092;T2_0302;942257.48;T2;0302;BARCELOS;2376840.93;51755.02;23889041.16;1176514.85
77263.42;6948.78;69987.03;102029.89;12094.4;1565940;T2_0204;5723.29;T2;0204;BARRANCOS;79684.03;0;1908366.17;90725.22
5422588.62;2794069.87;207845.26;9537789.35;764884.35;4776230;T2_1504;517846.46;T2;1504;BARREIRO;4372756.63;38400.05;19328517;433895.76
1046380.28;344624.1;0;1785248.07;222911.04;1979370;T2_1004;155854.21;T2;1004;BATALHA;690575.78;15478.44;4645963.73;190769.88
1987346.18;158574.78;195050.71;2880423.55;378415.01;5298732;T2_0205;343277.65;T2;0205;BEJA;1936416;12809.93;10565951.83;255329.57
365047.6;19644.87;71335.41;463252.39;51969.54;1913514;T2_0501;26590.38;T2;0501;BELMONTE;216152.78;0;3253448.58;589194
2271666.91;133061.79;0;3144483.63;327730.36;2176038;T2_1405;398579.61;T2;1405;BENAVENTE;1067792.91;13444.96;7164302.11;775987.57
975643.88;161137.54;14931.95;1484281.13;145061.27;1792674;T2_1005;199321.28;T2;1005;BOMBARRAL;979999.58;3117.16;4414954.19;143067.53
420072.73;80197.68;6295.27;636003.76;65379.81;1799502;T2_0703;65726.61;T2;0703;BORBA;551496.03;4626.93;3594207.75;600910.69
344154.37;95532.56;209591.27;506526.63;54627.6;2750898;T2_1702;12212.1;T2;1702;BOTICAS;1071876.13;0;4765859.97;226967.94
11216861.72;1374339.42;1306348.38;17399027.23;2201863.96;10764497.39;T2_0303;2423206.56;T2;0303;BRAGA;2578891.47;182755.57;42350493.1;10301728.63
2582427.22;895161.84;295426.45;4235488.82;376290.22;6952776;T2_0402;381609.54;T2;0402;BRAGANÇA;3981814.43;0;15870127.96;404622.26
744063.41;269996.66;314405.73;1289367.97;166727.35;3385338;T2_0304;102047;T2;0304;CABECEIRAS DE BASTO;659256.1;6533.55;6641548.73;993180.93
944580.46;66748.65;225998.94;1253018.34;148757.19;2341770;T2_1104;92932.04;T2;1104;CADAVAL;960713.29;0;5043167.6;261667.03
3617013.61;326425.76;1226924.35;5260328.88;621053.9;3389916;T2_1006;667983.19;T2;1006;CALDAS DA RAINHA;1268832.75;27852.42;11719199.86;573197.88
700672.65;53007.84;175184.76;1115668.73;114623.9;3119256;T2_3101;247364.34;T2;3101;CALHETA (MADEIRA);539759.16;0;4973510.52;23641.87
265294.03;10678.02;1113267.93;351398.2;35830.23;1680732;T2_4501;39584.78;T2;4501;CALHETA (SÃO JORGE);177287.63;11.14;3345742.82;23057.06
1290798.32;149209.76;45886.37;1765875.28;248161.61;3714468;T2_3102;77705.59;T2;3102;CÂMARA DE LOBOS;243299.25;0;5888178.08;118649.18
1619152.82;205097.33;1833168.16;2349557.4;205873.63;2917140;T2_1602;319433.62;T2;1602;CAMINHA;1562517.13;0;9154148.58;491765.89
379355.2;193992.48;873090.6;782324.92;96434.79;2154744;T2_1204;111263.43;T2;1204;CAMPO MAIOR;499891.64;1279.02;4625371.68;315320.52
2830263.93;153016.42;418695.97;3808517.56;398052.67;4559496;T2_0602;409777.32;T2;0602;CANTANHEDE;961549.61;17407.22;10018417.89;270158.75
309480.97;23090.44;581717.12;409789.24;50834.86;2909652;T2_0403;26382.97;T2;0403;CARRAZEDA DE ANSIÃES;228170.04;0;4294607.19;165278.79
521899.78;162631.71;361347.08;836707.18;97844.61;1974444;T2_1802;54331.08;T2;1802;CARREGAL DO SAL;235390.83;0;3577076.29;169187.2
1623652.92;130589.66;-7756.61;2333809.67;263863.25;2287123.54;T2_1406;276464.88;T2;1406;CARTAXO;851554.88;39238.96;10803503.95;5338772.47
21555061.1;9656648.8;295444.86;54701547.67;3069156.58;6867088;T2_1105;20245032.85;T2;1105;CASCAIS;3601756.01;175648.34;69008209.83;3542373.29
254094;93226.83;6825.68;389255.39;23250.52;1496154;T2_1007;18682.32;T2;1007;CASTANHEIRA DE PÊRA;450990;1.72;2385075.67;41850.6
3767219.83;263057.58;691144.33;5218201.53;587786.75;7992985;T2_0502;600137.37;T2;0502;CASTELO BRANCO;1952224.92;0;17146725.23;1292169.45
517907.9;73429.29;96382.9;782760.3;119855.76;2788920;T2_0106;71567.35;T2;0106;CASTELO DE PAIVA;525891.15;0;4545128.74;351174.39
220512.1;26901.05;136354.98;294300.63;31078.93;1915590;T2_1205;14126.11;T2;1205;CASTELO DE VIDE;341912.87;1682.44;2839802.76;151644.28
890825.63;162364.35;31106.04;1247686.35;149004.11;4016652;T2_1803;45492.26;T2;1803;CASTRO DAIRE;881247.22;0;6913761.31;737069.7
1286619.68;84379.44;784138.72;1774014.74;73938.98;1598997.91;T2_0804;329076.64;T2;0804;CASTRO MARIM;1176148.54;0;5393214.55;59914.64
359837.58;71302.71;670518.6;596056;78481.5;2782344;T2_0206;72826.87;T2;0206;CASTRO VERDE;624985.78;13607.34;4815863.71;141959.33
598071.51;243999.35;123112.98;976671.96;75209.49;2733106.82;T2_0903;58323.77;T2;0903;CELORICO DA BEIRA;277132.27;1067.84;4594925.1;484901.07
827765.21;110577.62;2126356.65;1264162.27;169104.66;3743688;T2_0305;156714.78;T2;0305;CELORICO DE BASTO;1218855.34;0;8788570.87;435508.61
481408.58;41106.6;0;703321.3;83103.94;3457074;T2_1407;71031.91;T2;1407;CHAMUSCA;361760.47;26670.27;4891968.34;369812.57
2550748.94;298660.35;2110885.6;3754919.25;456484.96;6664020;T2_1703;447507.46;T2;1703;CHAVES;4312138.51;1517.54;18824974.95;1983011.59
674216.5;111824.38;325618.95;1075115.1;160053.82;3964890;T2_1804;129020.4;T2;1804;CINFÃES;203346.42;0;7430209.02;1861238.55
12282644.67;1914585.14;437816.28;19472883.99;1796173.22;8499726;T2_0603;3277370.67;T2;0603;COIMBRA;3536756.85;202110.29;34279201.43;2332018.31
893143.55;126883.34;467792.48;1425401.63;174151.6;2075808;T2_0604;231223.14;T2;0604;CONDEIXA-A-NOVA;1671922.29;0;5884196.08;243271.68
217805.39;9374.1;192025.26;298759.14;43714.01;1610736;T2_1408;27865.64;T2;1408;CONSTÂNCIA;393583.52;0;2646480.91;151376.99
997326.36;136047.53;466695.97;1598586.53;174144.22;5017974;T2_1409;274251.09;T2;1409;CORUCHE;928290.75;16817.33;8714930.97;703383.72
13537.31;783.8;61979.96;19759.44;5400.83;739656;T2_4901;37.5;T2;4901;CORVO;7047.14;0;922908.57;94466.03
3046328.6;284893.81;673816.5;4287406.98;490284.95;6195894;T2_0503;357881.57;T2;0503;COVILHÃ;1591742.23;108018.05;13987321.08;1238461.37
215332.56;10980.63;211990.44;257484.07;25505.18;2406413.8;T2_1206;5665.7;T2;1206;CRATO;366311.14;0;3456961.8;214762.35
183574.63;61880.5;100896.69;342126.91;37502.33;1562748;T2_0207;58159.96;T2;0207;CUBA;341606.55;1009.49;2469451.31;122073.16
1277855.24;71321.36;2114241.22;1885106.66;218588.47;3961440.49;T2_1207;305427.19;T2;1207;ELVAS;1102422.96;11914.4;10414443.07;1351231.74
1380996.3;254664.12;1061087.16;2030561.56;218691.46;1625184;T2_1410;170207.34;T2;1410;ENTRONCAMENTO;1438081.23;6002.34;7059993.9;905079.95
2066602.68;1539760.78;1930760.95;4248553.72;333560.87;2807238;T2_0107;300506.91;T2;0107;ESPINHO;2322620.37;8122.48;15318859.37;4009686.33
2549158.77;386556.07;423298.08;3949337.4;413616.96;3256950;T2_0306;600005.6;T2;0306;ESPOSENDE;1102862.09;0;9332857.93;600410.36
1480137.55;696972.33;169164.55;2588614.39;290201.24;3449904;T2_0108;103296.02;T2;0108;ESTARREJA;959573.93;18007.25;7465897.08;298640.21
685144.89;151877.6;733254.58;1130686.8;129474.25;3479232;T2_0704;159159.44;T2;0704;ESTREMOZ;1038458.09;5030.62;6697386.47;315755
3471950.9;2006394.1;459308.01;7452612.51;608759.03;6780024.02;T2_0705;1142875.58;T2;0705;ÉVORA;2678927.93;222632.9;19253781.55;1882909.08
2545414.45;263906.34;701820.42;3878484.57;539215.87;6128142;T2_0307;521692.45;T2;0307;FAFE;2718828.57;8255.46;15036911.05;1609635.49
5929379.52;633242.54;207861.71;9136151.98;1099185.81;3465176;T2_0805;1441837.02;T2;0805;FARO;1806495.26;32507.09;16427774.37;1812089.42
2295346.51;374341.24;232348.16;3995947.45;639388.84;5483622;T2_1303;630184.6;T2;1303;FELGUEIRAS;3055206.74;56686.26;15178193.24;2411068.89
422866.73;126697.47;57472.56;840164.73;77530.69;3166998;T2_0208;175732.41;T2;0208;FERREIRA DO ALENTEJO;460337.53;37337.43;4793994.52;269021.7
690228.6;109508.58;52023.69;950285.33;88794.41;2350920;T2_1411;61753.74;T2;1411;FERREIRA DO ZÊZERE;703006.53;0;4217350.53;161114.98
6026824.55;620060.65;816862.53;8237495.37;731477.52;4835928;T2_0605;856733.22;T2;0605;FIGUEIRA DA FOZ;2216486.43;2399.43;21634298.15;5527525.82
296633.54;11031.99;133643.65;395546.1;46640.69;3257556;T2_0904;40100.53;T2;0904;FIGUEIRA DE CASTELO RODRIGO;421382.65;1139.35;4301903.45;93775.05
447684.02;95130.45;311578.57;644645.08;61761.36;2201958;T2_1008;40069.25;T2;1008;FIGUEIRÓ DOS VINHOS;393592.89;0;3697594.2;145819.66
331943.77;58185.06;0;527026.08;68099.59;2027562;T2_0905;67664.03;T2;0905;FORNOS DE ALGODRES;268381.4;1133.63;2943225.43;120255.95
256748.63;48436.09;311338.45;331726.23;0;2464007.01;T2_0404;23766.6;T2;0404;FREIXO DE ESPADA À CINTA;184279.9;2774.91;3670123.87;378772.28
164938.79;23300.41;57370.91;244981.46;28527.46;1659894;T2_1208;27744.96;T2;1208;FRONTEIRA;273770.18;469.84;2385136.8;149120.25
8371888.8;2708167.04;472.39;15555590.38;1379187.9;6957204;T2_3103;3096346.64;T2;3103;FUNCHAL;9851044.74;0;32860914.17;496602.66
2210175.51;236661.11;1018469.92;3074380.18;279636.88;5385084;T2_0504;341034.85;T2;0504;FUNDÃO;2337459.05;6871.83;12442728.78;627335.63
225417.15;45847.14;25193.55;319590.21;25208.23;1893661.6;T2_1209;23117.69;T2;1209;GAVIÃO;402385.86;0;2933668.49;292837.27
331443.91;131122.88;117480.2;544986.47;37904.23;2201130;T2_0606;44515.45;T2;0606;GÓIS;401511.15;0;3600760.68;335652.86
332078.02;148231.36;58966.89;608428.79;57416.74;1511808;T2_1412;68922.68;T2;1412;GOLEGÃ;356312.53;1779.99;3220021.53;684505.32
7732101.01;825144.97;1528853.02;11167843.39;1592723.51;8945347.43;T2_1304;1017873.9;T2;1304;GONDOMAR;5669843.16;0;31755334.25;4443447.25
894975.71;33452.23;342545.33;1109227.13;132284.93;3377850;T2_0906;45537.21;T2;0906;GOUVEIA;846159.86;2977.05;5874621.38;198839.06
1367515.82;449998.45;0;3983505.79;157426.19;3230862;T2_1505;2008565.33;T2;1505;GRÂNDOLA;869277.78;0;8648906.04;565260.47
3424519.01;158399.84;1185090.51;4354096.81;479213.97;6656634;T2_0907;289673.7;T2;0907;GUARDA;2353251.72;2290.29;23226978.27;8677905.23
8978430.1;1462968.18;2764750.49;14055216.91;1759161.56;12270312;T2_0308;1716016.96;T2;0308;GUIMARÃES;2832581.71;138640.11;36853713.04;4930851.93
749096.18;142808.22;1141596.49;1227985.24;164950.74;2762322;T2_4701;102719.65;T2;4701;HORTA;715599.64;68410.45;5901569.79;54066.42
803611.43;35981.72;267378.68;976830.4;56827.95;5652762;T2_0505;80409.3;T2;0505;IDANHA-A-NOVA;964707.9;0;8654394.53;792715.55
3510428.34;265314.24;1389606.26;4742638.06;474322.33;2774820;T2_0110;463235.93;T2;0110;ÍLHAVO;1835979.86;29337.22;11216729.64;473685.46
4302379.33;317654.44;87918.07;8798554.74;369169.03;1675923;T2_0806;3809351.94;T2;0806;LAGOA (ALGARVE);3765181.85;0;14665836.69;338259.03
677858.45;67621.25;8595.4;973296.65;106019.34;2299218;T2_4201;119156;T2;4201;LAGOA (SÃO MIGUEL);1164814.2;2641.61;5023967.94;578043.69
6096213.21;1314266.98;801450.84;11245087.82;429357.94;1717394;T2_0807;3394660.37;T2;0807;LAGOS;5078946.02;10589.32;20270247.89;1427369.21
75037.8;852.12;0;118176;17983.8;1314900;T2_4801;24302.28;T2;4801;LAJES DAS FLORES;18667.23;0;1504310.55;52567.32
251325.12;6130.4;15254.9;320362.72;39683.87;1922508;T2_4601;23223.33;T2;4601;LAJES DO PICO;430863.15;0;2877991.1;189002.33
1649378.34;352914.74;3943765.9;2936169.66;254932.17;4104936;T2_1805;678944.41;T2;1805;LAMEGO;2479134.24;0;15803078.3;2339072.5
9891914.02;1029288.64;2481021;14941370.69;1694200.54;8749770;T2_1009;2206822.74;T2;1009;LEIRIA;4285964.95;119144.75;32121675.03;1663548.39
32617022.27;19026148.73;69469.07;155711415.89;9483522.26;29774808;T2_1106;92410030.53;T2;1106;LISBOA;86880913.41;2174692.1;300611905.11;28175298.74
14180045.91;2980687.17;4412160.32;31089653.11;1186910.66;4224114;T2_0808;12659653.49;T2;0808;LOULÉ;5778862.54;82355.88;48188563.1;2683773.13
13241493.21;1862624.29;9833.91;21449188.41;2661467.57;10168656;T2_1107;3683603.34;T2;1107;LOURES;3667738.77;0;50131125.48;14835708.39
2121727.67;217294.7;2187687.96;3155714.43;322781.43;2422368;T2_1108;491950.74;T2;1108;LOURINHÃ;2574521.31;1959.89;11506188.42;1165896.72
1162445.1;405005.86;405077.45;1997710.04;178123.8;2235318;T2_0607;252102.49;T2;0607;LOUSÃ;1388922.53;32.79;6536389.94;509361.92
1628252.71;698626.82;5886726.01;3108324.89;471377.31;4664088;T2_1305;310068.05;T2;1305;LOUSADA;2055598.77;0;18420952.18;2706214.51
448562.58;11944.06;50779.16;576817.66;59655.35;3108450;T2_1413;56655.67;T2;1413;MAÇÃO;921866.42;0;4760826.96;102913.72
916809.1;455806.76;0;1625440.11;134467.91;4880028;T2_0405;99314.53;T2;0405;MACEDO DE CAVALEIROS;1113192.83;19041.81;7856309.06;237648.12
1034791.17;72709.11;250152.55;1310742.05;203241.77;2970030;T2_3104;0;T2;3104;MACHICO;120824.31;0;4989878.45;338129.54
338007.71;28341.6;476965.79;494508.33;60045.29;2048220;T2_4602;68113.73;T2;4602;MADALENA;300393.22;0;3929755.66;609668.32
7936234.84;2311642.76;81215.63;12742593.43;985151.43;3499902;T2_1109;1505620.05;T2;1109;MAFRA;4638043.25;3944.35;26554750.63;5592996.32
9650313.67;1678615.84;2819506.89;16358664.81;1587951.07;6027696;T2_1306;2010493.67;T2;1306;MAIA;3358228.45;1431290.56;39091496.76;10527400.61
1331253.64;373694.37;75537.77;2051999.2;205111.46;3478637.99;T2_1806;136913.11;T2;1806;MANGUALDE;1020899.86;5026.62;7214574.9;587500.08
195191.32;12721.69;8382.09;243938.06;29340.6;1798908;T2_0908;6684.45;T2;0908;MANTEIGAS;315030.94;0;2473547.67;107288.58
2543168.36;189469.81;439223.28;3765810.4;597863.22;6563484;T2_1307;427006.94;T2;1307;MARCO DE CANAVESES;1451516.63;8302.07;13564622.72;1344588.41
2442638.43;262677.1;64989.43;3952995.35;500153.13;2975460;T2_1010;425126.74;T2;1010;MARINHA GRANDE;2720332.26;322399.95;9940285.29;226508.25
191905.62;5816.67;16820.72;251129.17;33019.06;1708494;T2_1210;19523.07;T2;1210;MARVÃO;331021.13;864.75;2357907.7;50442.68
12934595.87;7461986.75;3068145.38;26246492.57;1934975.1;8120658;T2_1308;2952248.9;T2;1308;MATOSINHOS;5037275.33;962685.95;48643698.23;6171126.95
1202936.84;131105.11;857107.91;1816737.19;235835.58;2393526;T2_0111;246859.66;T2;0111;MEALHADA;1387035.93;0;7542832.75;1088425.72
388428.88;85146.7;0;558067.4;45340.18;2551776;T2_0909;39151.64;T2;0909;MEDA;234552.45;0;3735683.04;391287.19
725535;72852.12;268597.04;943650.31;105837.99;3203090.48;T2_1603;39425.2;T2;1603;MELGAÇO;842055.53;0;5740605.5;483212.14
356813.01;73454.66;327825.46;531447.43;56205.2;5177295.67;T2_0209;44974.56;T2;0209;MÉRTOLA;585713.78;0;7050792.47;428510.13
180100.73;59173.62;294159.26;296274.99;36547.49;1544106;T2_1704;20453.15;T2;1704;MESÃO FRIO;341362.86;0;2846103.98;370200.87
943058.31;317420.96;116167.12;1530808.8;146875.41;2132586;T2_0608;123454.12;T2;0608;MIRA;634045.94;0;4893365.1;479757.24
553594.13;161758.36;136042.28;907867.73;102760.03;2087832;T2_0609;89099.39;T2;0609;MIRANDA DO CORVO;818725.46;655.82;4287465.96;336998.49
464537.48;51413.97;317059.49;641181.43;75340.37;3319464;T2_0406;49889.61;T2;0406;MIRANDA DO DOURO;977063.4;0;5376629.75;121861.43
1521649.51;173347.37;1437167.04;2038891.11;211653.3;5132918.22;T2_0407;132240.93;T2;0407;MIRANDELA;2221832.39;0;14039455.57;3208646.81
520782.66;95142.9;455616.66;736498.98;76420.63;4341744;T2_0408;44152.79;T2;0408;MOGADOURO;767497.73;0;6746838.65;445481.28
735987.09;66319.54;1081958.89;1016149.73;103223.31;2910686.02;T2_1807;109248.96;T2;1807;MOIMENTA DA BEIRA;684270.68;1370.83;6227116.77;534051.45
3977170.9;431899.32;2935.12;5602930.18;587277.44;5245803.94;T2_1506;581582.46;T2;1506;MOITA;3709744.03;25000.06;14947419.84;386006.57
1178142.47;88580.7;142887.64;1985657.63;235478.97;3914694;T2_1604;483455.49;T2;1604;MONÇÃO;1088443.4;0;7860044.87;728362.2
375258.53;65533.57;207605.11;716473.4;54067.47;3129558;T2_0809;221613.83;T2;0809;MONCHIQUE;398872.58;0;5023308.79;570799.7
368261.57;32856.8;270346.1;527847.31;61322.15;2769128.17;T2_1705;65406.79;T2;1705;MONDIM DE BASTO;304581.97;0;4460194.09;588290.54
155120.75;20684.15;44509.42;216834.84;23581.65;2027952;T2_1211;17448.29;T2;1211;MONFORTE;201021.97;0;2995835.68;505517.45
785086.64;164530.55;218518.56;1130814.39;106772.71;4998672;T2_1706;74424.49;T2;1706;MONTALEGRE;2349746.53;0;9300619.48;602868
748985.18;70483.95;533233.72;1288498.31;157553.33;5162844;T2_0706;300225.94;T2;0706;MONTEMOR-O-NOVO;908095.17;11249.91;8199281.49;306610.29
1516970.73;613270.65;1244910.24;2533024.18;261805.49;3765072;T2_0610;140977.31;T2;0610;MONTEMOR-O-VELHO;841780.09;0;8617265.71;232479.2
3646794.62;569283.63;0;5386119.04;562741.46;2734140;T2_1507;604042.06;T2;1507;MONTIJO;1404466.06;3257.27;11253537.61;1728812.51
239286.52;23125.06;545101.73;362211.08;43690.66;2243226;T2_0707;47013.37;T2;0707;MORA;465427.56;9095.47;3699564.79;83598.42
695145.47;57912.32;0;980780.22;101669.82;2603454;T2_1808;126052.61;T2;1808;MORTÁGUA;532475.79;0;4355254.7;238544.69
618465.05;51017.52;78401.12;1043188.51;129748.25;4665846;T2_0210;242780.04;T2;0210;MOURA;768565.21;1177.65;6784970.43;228969.59
166591.13;5816.7;0;288105.97;22280.21;1823310.5;T2_0708;82208.25;T2;0708;MOURÃO;317604.38;11209.68;2776472.94;347452.09
289096.59;53240;0;409047.23;52140.15;2246766;T2_1707;14570.49;T2;1707;MURÇA;314451.18;0;3325968.07;355703.66
874657.25;36110.44;227934.56;1085089.97;115230.28;1810128;T2_0112;59092;T2;0112;MURTOSA;370706.48;0;3569873.75;76014.74
2004261.5;223474.68;2027937.87;3134608.8;176161.15;1720632;T2_1011;727047.3;T2;1011;NAZARÉ;1755261.43;3664.17;17131894.54;8493454.44
1059709.52;58843.46;41112.74;1336199.11;148441.9;2430552;T2_1809;69204.23;T2;1809;NELAS;835990.2;0;5290709.41;646855.36
460546.57;37614.45;0;629794.47;50727.61;3282894;T2_1212;80905.84;T2;1212;NISA;739043.85;0;5282019.65;630287.33
287095.94;9620.09;21105.36;361197.83;28685.55;2132260.15;T2_4202;35098.58;T2;4202;NORDESTE;16075.86;697.67;2580901.55;50262.35
1548293.62;79401.2;311584.52;2592212.84;146879.25;1083324;T2_1012;817638.77;T2;1012;ÓBIDOS;1286796.99;0;6585886.14;1311967.79
1834252.25;273121.45;249564.78;2743206.29;244748.56;7037226;T2_0211;388358.16;T2;0211;ODEMIRA;2192839.88;2725.87;12549388.49;326551.54
9457362.59;2636721.64;0;16560224.38;1498547.5;7508616;T2_1116;2894528.94;T2;1116;ODIVELAS;4089827.96;73063.71;31939893.97;3781225.63
14856414.62;1844087.76;17173.44;28181821.37;5855033.04;8775222;T2_1110;4790202.11;T2;1110;OEIRAS;7437057.74;836083.84;45734490.74;1323216.19
283528.8;18912.8;0;362863.18;32202.12;3036606;T2_0506;28219.46;T2;0506;OLEIROS;747150.58;0;4743281.73;596661.97
3298766.92;238043.59;183754.58;5328805.59;559805.73;3353579.99;T2_0810;1232189.35;T2;0810;OLHÃO;584222.34;0;11447004.79;1996642.29
3716129.45;508838.21;511033.12;5793313.08;791860.06;6194802;T2_0113;658782.6;T2;0113;OLIVEIRA DE AZEMÉIS;1755123.52;117702.76;16527934.45;2273662.73
554556.01;84082.38;853556.23;825725.95;98016.84;2245110;T2_1810;45432.48;T2;1810;OLIVEIRA DE FRADES;379245.69;43638.24;6087004.86;1783366.99
1613134.19;73517.25;1870620.75;2282051.78;281488.4;3286578;T2_0114;308834.44;T2;0114;OLIVEIRA DO BAIRRO;918068.55;5077.5;9145285.52;787966.44
1193059.34;583008.69;142078.36;2199501.26;203489.9;3490734;T2_0611;219943.33;T2;0611;OLIVEIRA DO HOSPITAL;904559.36;0;7126179.78;389306.8
3490138.78;763929.01;487256.85;5135873.47;508230.38;5636316;T2_1421;351632.04;T2;1421;OURÉM;1116614.17;21943.26;14052780.71;1676720.22
325552.82;9807.33;194904.64;433390.17;52167.58;3168285;T2_0212;43619;T2;0212;OURIQUE;321576.86;2243.44;4931776.03;813619.36
3984146.97;394861.91;1042883.16;5478996.1;569331.37;3761742;T2_0115;500911.43;T2;0115;OVAR;2286285.88;29744.42;13144426.78;574519.64
2148599.73;259385.77;1945984.78;3604666.12;523390.17;4317468;T2_1309;565142.23;T2;1309;PAÇOS DE FERREIRA;1399058.5;108148.22;13150838.01;1883660.61
5798211.45;1283644.92;46076.23;9173753.71;808133.56;3737486.93;T2_1508;1229120.43;T2;1508;PALMELA;4228507.09;54643.35;17782269.66;596445.7
286052.2;18301.12;262846.2;339029.33;25489.99;2798466;T2_0612;9186.02;T2;0612;PAMPILHOSA DA SERRA;231959.56;0;5009605.53;1377304.44
4088726.68;579020.14;284004.87;6557374.33;811124.25;7161228;T2_1310;1050219.32;T2;1310;PAREDES;2291029.22;28283.94;23373039.79;7079403.37
557521;52525.91;769426.27;735725.75;90968.05;3149208;T2_1605;34503.05;T2;1605;PAREDES DE COURA;501269.07;207.74;5615688.59;460059.5
291210.83;22197.81;87106.86;378566.69;37957.26;1845649.1;T2_1013;27200.79;T2;1013;PEDRÓGÃO GRANDE;422926.12;0;2835097.13;100848.36
702231.07;139585.29;101611.22;1051631.19;145514.95;3075462;T2_0613;64299.88;T2;0613;PENACOVA;1147467.17;0;5606304.97;230133.39
2914711.96;517533.44;2436444.79;4579119.27;671932.63;7695948.02;T2_1311;474941.24;T2;1311;PENAFIEL;1512326.63;0;17226753.32;1002914.61
411311.01;42866.85;208807.2;573376.21;73348.12;2501640;T2_1811;45850.23;T2;1811;PENALVA DO CASTELO;395273.38;0;3861838.44;182741.65
345969.98;144441.34;185655.35;579981.47;40719.31;3161274;T2_0507;48850.84;T2;0507;PENAMACOR;569838.38;0;5253389.09;756639.89
200893.03;7150.56;225084.57;246198.66;24280.39;1987989;T2_1812;13874.68;T2;1812;PENEDONO;172066.9;0;2783793.04;152453.91
356583.3;16518.06;477260.28;465344.67;56924.4;1932750;T2_0614;35318.91;T2;0614;PENELA;336157.79;0;3468455.7;256942.96
2308266.47;119601.98;383703.78;3041670.3;291871.9;2386704;T2_1014;318224.36;T2;1014;PENICHE;1697392.53;3705.59;8365545.79;856075.18
804636.23;230564.25;1980502.21;1276563.81;149484.8;3051565.49;T2_1708;91878.53;T2;1708;PESO DA RÉGUA;1016790.09;0;8477642.27;1152220.67
498423.47;300254.68;13436.6;939655.14;92378.29;3688392;T2_0910;48598.7;T2;0910;PINHEL;577417.43;0;6172872.25;953971.08
3891954.64;273277.65;2185901.28;5917242.06;675769.77;6549492.01;T2_1015;963795.24;T2;1015;POMBAL;4009800.74;112444.76;19519454.07;857017.98
3594572.97;509399.86;1439159.36;6007736.77;560156.02;7142388;T2_4203;775240.22;T2;4203;PONTA DELGADA;2218501.3;568367.7;16975382.81;167597.38
467835.32;115648.94;0;702247.92;77541.9;1816308;T2_3105;41221.76;T2;3105;PONTA DO SOL;337681.59;0;2882278.69;26041.18
812922.34;117206.62;485177.9;1090178.61;56246.84;2933868;T2_1606;103802.81;T2;1606;PONTE DA BARCA;684378.98;0;6668584.75;1474981.26
2077938.76;418597.85;852559.91;3257828.43;436844.64;5796602.7;T2_1607;324447.18;T2;1607;PONTE DE LIMA;1999451.93;0;13134615.46;1228172.49
851516.32;29333.18;54824.27;1160492.17;149906.69;4052016;T2_1213;129735.98;T2;1213;PONTE DE SOR;1251050.38;0;9195285.49;2676902.67
1631792.3;267557.41;366772.58;2782659.6;246557.57;3980256.5;T2_1214;620192.2;T2;1214;PORTALEGRE;1687387.55;16560.12;9005008.95;187932.72
267777.78;10811.23;73148.11;439675.02;50817.96;3039997.98;T2_0709;110268.05;T2;0709;PORTEL;404522.4;0;4303772.78;346429.27
10197653.94;605853.2;191683.42;14393856.05;783608.03;2394804;T2_0811;2703787.62;T2;0811;PORTIMÃO;2053210.42;102953.26;26120012.23;7086458.34
18675182.76;7297955.99;1688782.98;40882720.91;3027884.14;12532314;T2_1312;11881698.02;T2;1312;PORTO;13722805.53;0;72044860;3218236.58
1586213.69;176092.49;0;2260478.08;271277.55;3373260;T2_1016;226894.35;T2;1016;PORTO DE MÓS;1727416.28;0;8101511.39;740357.03
169505.36;24905.27;0;216736.92;19744.54;1813494;T2_3106;2581.75;T2;3106;PORTO MONIZ;222257.67;0;2254932.25;2443.66
977884.2;36790.8;0;1227724.44;80496.22;852936;T2_3201;132251.76;T2;3201;PORTO SANTO;57786.81;301.46;2139697.25;1250
1416873.52;269752.11;1231122.72;2048834.34;243113.12;3554442;T2_0309;119095.59;T2;0309;PÓVOA DE LANHOSO;913125.95;0;7959039.78;211514.77
4562476.03;1007353.18;1521118.99;7077036.26;670440.83;4077918;T2_1313;836766.22;T2;1313;PÓVOA DE VARZIM;5550876.75;0;22556366.18;4329416.18
305371.7;19914.74;204187.7;414408.64;38635.04;2071165.16;T2_4204;50221.16;T2;4204;POVOAÇÃO;405790.32;266;3106354.81;10802.99
868850.72;61919.4;269954.17;1234993;186761.52;3346662;T2_4302;70178.96;T2;4302;PRAIA DA VITÓRIA;93881.28;47282.4;5600699.14;655208.69
379212.69;20013.63;2500;507519.38;62357.93;3074766;T2_0508;45935.13;T2;0508;PROENÇA-A-NOVA;968590.28;0;4692598.86;139223.2
364565.25;97251.91;12590.54;548482.61;49876;2295900;T2_0710;36789.45;T2;0710;REDONDO;435712.23;0;3760752.15;468066.77
721870.54;129516.93;535671.26;1174252.84;95403.63;2511698;T2_0711;226562.96;T2;0711;REGUENGOS DE MONSARAZ;972643.2;898.78;6347832.68;1153567.38
660542.32;72591.44;360887.43;888152.98;89307.82;2885310;T2_1813;65523.86;T2;1813;RESENDE;625248.43;187.54;5287875.25;528276.41
578877.09;102453.03;34769.24;926207.83;112806.69;2307678;T2_3107;132071.02;T2;3107;RIBEIRA BRAVA;244458.32;0;3591210.21;78096.82
399681.63;217541.15;426092.57;717582.7;54701.73;2492592;T2_1709;24383.43;T2;1709;RIBEIRA DE PENA;1687547.65;21274.76;5436669.53;112854.61
1159905.24;73289.04;1546044.96;1885325.24;196277.77;4572756;T2_4205;390890.81;T2;4205;RIBEIRA GRANDE;1885845.21;64962.38;10553145.19;663173.78
1489639.3;241579.58;235552.35;2161455.3;232448.91;3040662;T2_1414;183533.41;T2;1414;RIO MAIOR;1778234.3;14254.1;8894591.85;1678687.9
376378.21;85946.05;178840.64;628932.26;59209.88;2407914;T2_1710;107398.12;T2;1710;SABROSA;258341.67;0;3582372.7;108344.13
940185.98;204784.16;85247.7;1290076.2;118672.92;5018784;T2_0911;26433.14;T2;0911;SABUGAL;888799.06;0;8079794.54;796887.58
1071674.2;104304.99;0;1836360.84;228524.12;2672136.01;T2_1415;399556.15;T2;1415;SALVATERRA DE MAGOS;705027.52;32301.38;5494639.18;281114.81
887063.36;105393.98;41112.75;1153681.84;111821.11;2080870.28;T2_1814;47185.57;T2;1814;SANTA COMBA DÃO;406860.35;2217.82;5342583.63;1660058.41
2704498.18;696222.71;3415.7;4443531.93;480390.64;3086538;T2_3108;562420.4;T2;3108;SANTA CRUZ;2204226.62;0;11272554.93;1534842.68
283635.43;26188.59;0;372959.96;45469.28;1399836;T2_4401;17666.66;T2;4401;SANTA CRUZ DA GRACIOSA;122852.21;0;2049671.76;154023.59
86092.8;3280.29;379170.46;126412.96;23883.49;1156775.99;T2_4802;13156.38;T2;4802;SANTA CRUZ DAS FLORES;7461.83;0;1691506.59;21685.35
8390030.12;637062.93;2536498.84;11737539.26;1546818.84;8969850;T2_0109;1163627.37;T2;0109;SANTA MARIA DA FEIRA;3388411.61;0;28834622.87;2202323.16
269949.8;35153.11;1632942.97;460507.56;62957.69;2081718;T2_1711;92446.96;T2;1711;SANTA MARTA DE PENAGUIÃO;498456.02;0;5047668.5;374043.95
395691.58;37716.37;95344.96;513161.25;67242.32;2656452;T2_3109;12510.98;T2;3109;SANTANA;25683.82;0;3301778.66;11136.63
4678946.15;529547.66;904429.16;6830551.94;644559.68;6451272;T2_1416;945045.84;T2;1416;SANTARÉM;1899218.72;32452.61;18682382.76;2596910.94
2168469.41;106007.71;0;2882694.31;336437.59;5723340;T2_1509;252222.02;T2;1509;SANTIAGO DO CACÉM;2219814.23;19557.58;11511526.61;685678.07
3616827.25;457162.26;3214387.33;5185131.83;634905.98;6749279.98;T2_1314;427556.62;T2;1314;SANTO TIRSO;2195873.8;48679.72;18783929.49;1439256.55
952884.06;193502.76;674110.63;1572016.5;146950.82;1830156;T2_0812;278678.86;T2;0812;SÃO BRÁS DE ALPORTEL;858771.69;0;5339234.63;404179.81
1482792.18;126451.35;160915.8;2237766.16;237097.38;2045064;T2_0116;379313.86;T2;0116;SÃO JOÃO DA MADEIRA;1436773.66;12111.39;7917657.77;2037138.15
355024.5;103097.7;439917.8;639023.53;60270.17;2996261.1;T2_1815;120631.16;T2;1815;SÃO JOÃO DA PESQUEIRA;557431.18;0;4866650.94;234017.33
848602.58;112774.07;239938.14;1235146.46;167411.7;3936120;T2_1816;98125.96;T2;1816;SÃO PEDRO DO SUL;1194999.48;8232.15;7365230.48;759026.4
204951.5;7861.37;0;281052.06;46420.69;1490569.91;T2_4603;21818.5;T2;4603;SÃO ROQUE DO PICO;165854.34;0;1943471.94;5995.63
324394.12;22455.81;0;443826.88;48248.32;2092836;T2_3110;48728.63;T2;3110;SÃO VICENTE;114480.59;0;3235224.53;584081.06
211327.22;11734.46;61079.72;285444.76;36716.24;1739454;T2_1417;25353.43;T2;1417;SARDOAL;310353.53;313.41;3021044.99;624712.98
775782.84;173669.55;260626.3;1108387.55;108255.33;2782668;T2_1817;50679.83;T2;1817;SÁTÃO;528152.34;0;5093451.42;413617.23
1713182.11;699549.07;415073.9;2848441.73;241821.5;4965324;T2_0912;193889.05;T2;0912;SEIA;1735309.02;0;10484567.74;520419.09
12637282.33;6753125.7;776159.56;23447846.1;1695703.97;7097250;T2_1510;2358375.59;T2;1510;SEIXAL;6507728.65;3358.51;38255881.9;426897.59
297357.39;168211.39;807136.94;533628.34;57169.14;2521296;T2_1818;10890.42;T2;1818;SERNANCELHE;550840.74;0;4552720.25;139818.23
667929.48;110335.95;234642.92;1205875.41;134991.82;4686413.23;T2_0213;292179.76;T2;0213;SERPA;695977.92;438.4;6946224.78;123315.3
712511.86;154345.84;526053.35;1112784.69;122093.97;3781118;T2_0509;90298.37;T2;0509;SERTÃ;1281344.51;33534.65;6796351.75;95051.2
5616849.34;1011568.86;53024.7;8965328.03;664110.23;2486514.01;T2_1511;1650316.01;T2;1511;SESIMBRA;5508251.15;22483.59;19214117.31;2200999.42
10974093.3;1599114.84;95316.17;16118053.25;1551212.37;5721812;T2_1512;1993632.74;T2;1512;SETÚBAL;5949466.4;0;28775156.29;890508.47
674776.19;50783.72;1038.38;939424.47;125504.27;2484540.21;T2_0117;63432.21;T2;0117;SEVER DO VOUGA;381772.15;24928.08;4160520.53;353745.32
3593141.41;384579.74;127442.07;5751487.44;467151.66;4090800;T2_0813;1306614.63;T2;0813;SILVES;3268279.67;0;14895716.33;1657707.15
1089618.04;423195.32;207669.95;2210106.86;167820.76;1907034.5;T2_1513;529472.74;T2;1513;SINES;2778850.51;0;9521691.4;2418029.58
26651593.43;4823412.43;29042.44;46818150.26;5218016.08;15479874;T2_1111;7271488.54;T2;1111;SINTRA;5769016.48;2853639.78;78478515.16;10382431.98
585011.32;258817.99;91059.6;1132448.69;124709.93;1575000;T2_1112;161956.42;T2;1112;SOBRAL DE MONTE AGRAÇO;1024310.2;1953.03;3998615.14;175796.65
1166234.66;111768.19;117213.61;1539849.4;190309.98;3504570;T2_0615;68833.49;T2;0615;SOURE;1220955.75;2703.08;6609782.17;227193.41
302540.58;29333.38;94386.09;419865.39;42479.42;1931604;T2_1215;45130.63;T2;1215;SOUSEL;459624.58;381.38;3379602.54;474122.48
587004.05;207177.41;320927.44;992488.39;126345.29;2752932;T2_0616;70568.76;T2;0616;TÁBUA;269634.52;1392.88;4900703.3;564720.95
349634.23;29150.35;311497.89;459703.19;45896.05;2498598;T2_1819;35022.56;T2;1819;TABUAÇO;430319.47;0;3917290.35;217171.8
456161.11;42314.89;125535.61;583061.33;80743.2;2362530;T2_1820;3842.13;T2;1820;TAROUCA;666193.41;0;4752610.26;1015289.91
3960789.14;429057.94;395208.23;6752259.33;374582.63;3259518;T2_0814;1986656.7;T2;0814;TAVIRA;2119441.45;1172.92;13338158.1;811731.09
324831.97;71379.5;315497.82;488578.89;67619.1;2765646;T2_0310;24748.32;T2;0310;TERRAS DE BOURO;524474.75;0;4905027.69;810830.23
2180302.08;252383.06;655159.19;3168144.29;454593.77;4632024;T2_1418;280865.38;T2;1418;TOMAR;1800551.22;0;11800164.28;1544285.58
1728920.72;158128.52;678743.04;2710135.46;290811.59;4997694;T2_1821;509698.86;T2;1821;TONDELA;979938.65;22575.77;9856264.63;489753.48
467183.97;40490.29;697863.6;698320.1;65571.94;3605016;T2_0409;125073.9;T2;0409;TORRE DE MONCORVO;983754.14;0;6617809.26;632855.42
2401028.46;466941.93;477555.87;3564764.02;391126.55;4266150;T2_1419;278667.16;T2;1419;TORRES NOVAS;1429331.95;26999.92;11306945.41;1569143.57
6503484.88;1055017.51;1631300.27;9574704.29;874766.33;5793612;T2_1113;1141435.57;T2;1113;TORRES VEDRAS;2968657.37;0;27026867.57;7058593.64
540529.07;101442.05;102633.22;768368.13;89989.78;3335526;T2_0913;36407.23;T2;0913;TRANCOSO;255389.98;0;4693509.46;231592.13
2712846.68;447734.29;1629647.12;4557862.47;455025.71;3393276;T2_1318;694380.53;T2;1318;TROFA;246888.76;247875.26;11487423.12;1659748.77
1576100.33;133222.44;543384.44;2353619.47;289425.34;3020528;T2_0118;326440.24;T2;0118;VAGOS;553458.1;28431.12;7233163.37;762173.36
1410418.68;204992.68;377773.58;2125248.9;260835.27;3300312;T2_0119;157933.91;T2;0119;VALE DE CAMBRA;1079637.01;91068.36;7241807.01;358835.52
922009.47;332654.24;2582174.77;1627450.11;175203.68;2697762;T2_1608;105092.79;T2;1608;VALENÇA;956834.05;92489.93;8642681.7;778460.77
4803670.92;415621.2;56775.84;7043027.62;913853.4;4822254;T2_1315;891611.91;T2;1315;VALONGO;2546429.41;18270.19;15141698.19;673211.32
863097.26;150950.57;106399.98;1205754.3;116882.37;4733988;T2_1712;74824.1;T2;1712;VALPAÇOS;1463754.9;0;7902780.6;392883.42
224646.56;13766.99;360868.6;452317.59;60683.09;1943688;T2_4502;153220.95;T2;4502;VELAS;273677.71;0;3038342.77;7790.87
707398.77;263979.84;9442.91;1141209.64;121729.75;1809348;T2_0712;48101.28;T2;0712;VENDAS NOVAS;878055.62;0;4041295.23;203239.06
287130.52;37954.36;335218.77;551190.17;51297.52;2088636;T2_0713;174048.4;T2;0713;VIANA DO ALENTEJO;410570.56;759.37;3530887.05;145271.55
6289918.99;678863.53;1049732.92;8958931.45;1011068.46;7511045.99;T2_1609;979080.47;T2;1609;VIANA DO CASTELO;1844670.21;0;25298149.3;5933768.73
278049.02;56037.99;485166.62;478482.25;57197.77;2015868;T2_0214;80791.89;T2;0214;VIDIGUEIRA;603984.94;6405.58;3940831.41;357329.6
623812.43;39993.34;6134.03;854324.43;107909.31;3244779.49;T2_0311;82609.35;T2;0311;VIEIRA DO MINHO;890644.04;0;6546689.74;1550807.75
212092.61;46667.32;42877.95;300084.62;24302.42;1864776;T2_0510;16002.76;T2;0510;VILA DE REI;134610.64;1019.51;2710736.34;368387.13
975126.55;67754.42;328141.31;1867004.58;75361.92;1416630;T2_0815;748761.69;T2;0815;VILA DO BISPO;1084663.84;0;4947683.61;251243.88
6677081.94;785349.18;2034994.05;10016091.24;856479.35;4787784;T2_1316;1573115.87;T2;1316;VILA DO CONDE;2840351.57;124064.9;22018344.77;2339123.91
268501.42;16552.33;123851.06;382374.31;66265.46;1888638;T2_4101;31055.1;T2;4101;VILA DO PORTO;199344.39;0;2633455.23;39247.47
4478.32;29474.46;17723.67;83669.05;26519.34;2606266;T2_0410;23196.93;T2;0410;VILA FLOR;237125.04;0;3087053.83;142270.07
7869657.02;865441.11;216932.16;12735587.12;1407997.2;6683106;T2_1114;2196459.73;T2;1114;VILA FRANCA DE XIRA;5456971.11;396032.06;26788468.09;1695871.7
658432.63;111508.8;1150358.06;944663.79;66939.2;2173584;T2_4206;105590.74;T2;4206;VILA FRANCA DO CAMPO;575027.47;2192.42;4898904.76;55271.44
356862.89;336359.67;89546.73;842291.88;81860.68;1564056;T2_1420;66721.92;T2;1420;VILA NOVA DA BARQUINHA;453421.01;486.72;3629814.6;680498.98
680725.45;413198.16;638416.01;1736173.71;116033.71;2904594;T2_1610;524107.73;T2;1610;VILA NOVA DE CERVEIRA;573467.9;2108.66;6417940.51;565288.89
7460123.47;844645.03;1161890.33;12062342.12;1551267.47;9764520;T2_0312;2206306.15;T2;0312;VILA NOVA DE FAMALICÃO;7879552.73;0;33748021.15;2879715.97
429948.29;27804.63;373017.67;581732.22;62805.08;2915556;T2_0914;61174.22;T2;0914;VILA NOVA DE FOZ CÔA;674848.56;0;5113235.29;568080.84
19891490.7;1254585.26;1812824.22;28711286.66;3834162.94;13474062;T2_1317;3577499.17;T2;1317;VILA NOVA DE GAIA;6172270.49;153548.59;61144970.4;10974527.03
364831.36;113061.07;234414.25;555551.07;50822.07;1954320;T2_1822;26836.57;T2;1822;VILA NOVA DE PAIVA;227942.75;0;3173742.29;201514.22
562873.61;219398.93;0;911549.94;67588.02;1851756;T2_0617;41794.5;T2;0617;VILA NOVA DE POIARES;442713.65;19894.88;3826905.18;620885.59
723247.06;705112.13;1670830.26;1641108.1;133030.92;3836844;T2_1713;72057.89;T2;1713;VILA POUCA DE AGUIAR;1552783.37;7660.1;9145680.73;444115
3234773.79;182932.23;2132257.72;4457600.76;587928.95;5513610;T2_1714;447536.87;T2;1714;VILA REAL;1757092.33;4428.92;14509008.38;648447.57
3284535.03;558976.72;216077.64;4631020.82;220233.81;1285596;T2_0816;561805.58;T2;0816;VILA REAL DE SANTO ANTÓNIO;2355597.87;5469.68;9081901.24;593608.91
269738.26;12064.46;122516.21;338912.94;24064.85;2196174;T2_0511;24775.97;T2;0511;VILA VELHA DE RÓDÃO;395915.52;8269.4;3503242.35;449723.68
1954914.56;286368.8;2392744.08;3515622.16;515249.46;6267402;T2_0313;731719.62;T2;0313;VILA VERDE;2289869.93;27369.72;15274041.46;808403.29
370349.38;73815.34;19026.47;623204.07;80932.79;1950018;T2_0714;96698.01;T2;0714;VILA VIÇOSA;549083.24;1408.55;3624550.49;483218.71
279455.24;17386.03;70134.96;372387.47;40309.58;2981376;T2_0411;35236.62;T2;0411;VIMIOSO;199068.61;0;3921947.34;298980.3
404210.99;42200.02;415236.02;525392.28;65498.28;4397436;T2_0412;13381.51;T2;0412;VINHAIS;628146.54;101.48;6137189.07;170978.23
6674122.02;818495.53;1204102.27;10170704.51;1128846.52;7619196;T2_1823;1549240.44;T2;1823;VISEU;3105285.03;0;23680796.52;1581508.71
1189433.7;309780.08;117136.77;2299214.25;186841.99;2800515;T2_0314;600384.68;T2;0314;VIZELA;876438.97;12773.8;8170190.01;2076885.02
426167.72;56175.76;463420.46;652743.61;94677.74;2584710;T2_1824;62580.83;T2;1824;VOUZELA;735837.66;13141.56;4663728.67;227016.94
