TOTAL_RH;TOTAL_SEM_VINCULO_PERMANENTE;DSC_AUTARQUIA;TOTAL_TECNICOS_SUPERIORES;REPRESENTANTES_ELEITOS;TOTAL_FUNCIONARIOS_NAO_SUPERIORES;TOTAL_COM_VINCULO_PERMANENTE;CODIGO_PERIODO;CARGOS_MANDATOS_POLITICOS;TOTAL_DIRIGENTES;TOTAL_POR_TIPOLOGIA;ldk;CODIGOINE;TOTAL_POR_VINCULO;TOTAL_COMISSAO_DE_SERVICO
410;62;ABRANTES;66;14;330;344;T1;;;410;T1_1401;1401;410;4
485;47;ÁGUEDA;62;12;411;438;T1;;;485;T1_0101;0101;485;0
110;8;AGUIAR DA BEIRA;14;3;93;102;T1;;;110;T1_0901;0901;110;0
211;11;ALANDROAL;29;0;182;200;T1;;;211;T1_0701;0701;211;0
294;106;ALBERGARIA-A-VELHA;80;5;209;183;T1;;;294;T1_0102;0102;294;5
1329;137;ALBUFEIRA;158;23;1148;1169;T1;;;1329;T1_0801;0801;1329;23
356;57;ALCÁCER DO SAL;38;2;316;293;T1;;;356;T1_1501;1501;356;6
189;63;ALCANENA;30;2;157;124;T1;;;189;T1_1402;1402;189;2
371;59;ALCOBAÇA;63;16;292;296;T1;;;371;T1_1001;1001;371;16
413;106;ALCOCHETE;76;6;331;301;T1;;;413;T1_1502;1502;413;6
145;7;ALCOUTIM;21;1;123;131;T1;;;145;T1_0802;0802;145;7
600;28;ALENQUER;64;6;530;558;T1;;;600;T1_1101;1101;600;14
159;39;ALFÂNDEGA DA FÉ;21;4;134;116;T1;;;159;T1_0401;0401;159;4
218;59;ALIJÓ;36;7;175;159;T1;;;218;T1_1701;1701;218;0
199;61;ALJEZUR;26;3;170;138;T1;;;199;T1_0803;0803;199;0
181;44;ALJUSTREL;33;1;147;136;T1;;;181;T1_0201;0201;181;1
1490;171;ALMADA;180;59;1251;1253;T1;;;1490;T1_1503;1503;1490;66
141;19;ALMEIDA;38;2;101;120;T1;;;141;T1_0902;0902;141;2
344;62;ALMEIRIM;31;0;313;276;T1;;;344;T1_1403;1403;344;6
210;31;ALMODÔVAR;30;3;177;176;T1;;;210;T1_0202;0202;210;3
190;42;ALPIARÇA;16;1;173;145;T1;;;190;T1_1404;1404;190;3
146;20;ALTER DO CHÃO;22;3;121;126;T1;;;146;T1_1201;1201;146;0
113;18;ALVAIÁZERE;25;2;86;92;T1;;;113;T1_1002;1002;113;3
114;20;ALVITO;9;6;99;88;T1;;;114;T1_0203;0203;114;6
1704;151;AMADORA;216;32;1456;1508;T1;;;1704;T1_1115;1115;1704;45
627;293;AMARANTE;137;11;479;323;T1;;;627;T1_1301;1301;627;11
250;45;AMARES;56;7;187;197;T1;;;250;T1_0301;0301;250;8
265;134;ANADIA;80;6;179;123;T1;;;265;T1_0103;0103;265;8
228;31;ANGRA DO HEROÍSMO;23;5;200;195;T1;;;228;T1_4301;4301;228;2
138;19;ANSIÃO;18;2;118;118;T1;;;138;T1_1003;1003;138;1
337;99;ARCOS DE VALDEVEZ;33;1;303;234;T1;;;337;T1_1601;1601;337;4
232;30;ARGANIL;33;0;199;202;T1;;;232;T1_0601;0601;232;0
203;40;ARMAMAR;31;4;168;163;T1;;;203;T1_1801;1801;203;0
210;44;AROUCA;20;5;185;161;T1;;;210;T1_0104;0104;210;5
152;11;ARRAIOLOS;12;2;138;137;T1;;;152;T1_0702;0702;152;4
115;31;ARRONCHES;15;1;99;84;T1;;;115;T1_1202;1202;115;0
242;54;ARRUDA DOS VINHOS;25;5;212;188;T1;;;242;T1_1102;1102;242;0
558;29;AVEIRO;104;38;416;526;T1;;;558;T1_0105;0105;558;3
223;30;AVIS;42;4;177;189;T1;;;223;T1_1203;1203;223;4
367;24;AZAMBUJA;48;12;307;325;T1;;;367;T1_1103;1103;367;18
348;38;BAIÃO;62;1;285;300;T1;;;348;T1_1302;1302;348;10
680;158;BARCELOS;134;21;525;501;T1;;;680;T1_0302;0302;680;21
103;18;BARRANCOS;9;3;91;82;T1;;;103;T1_0204;0204;103;3
814;119;BARREIRO;138;31;645;664;T1;;;814;T1_1504;1504;814;31
98;20;BATALHA;23;4;71;74;T1;;;98;T1_1004;1004;98;4
546;53;BEJA;48;16;482;492;T1;;;546;T1_0205;0205;546;1
55;8;BELMONTE;5;2;48;45;T1;;;55;T1_0501;0501;55;2
395;37;BENAVENTE;53;5;337;349;T1;;;395;T1_1405;1405;395;9
235;79;BOMBARRAL;30;4;201;156;T1;;;235;T1_1005;1005;235;0
228;54;BORBA;25;1;202;174;T1;;;228;T1_0703;0703;228;0
137;21;BOTICAS;24;6;107;109;T1;;;137;T1_1702;1702;137;7
1706;280;BRAGA;271;29;1406;1381;T1;;;1706;T1_0303;0303;1706;45
364;13;BRAGANÇA;36;11;317;340;T1;;;364;T1_0402;0402;364;11
297;33;CABECEIRAS DE BASTO;17;6;274;258;T1;;;297;T1_0304;0304;297;6
233;69;CADAVAL;33;3;197;161;T1;;;233;T1_1104;1104;233;3
330;48;CALDAS DA RAINHA;29;2;299;272;T1;;;330;T1_1006;1006;330;10
137;4;CALHETA (MADEIRA);10;0;127;133;T1;;;137;T1_3101;3101;137;0
119;0;CALHETA (SÃO JORGE);1;4;114;116;T1;;;119;T1_4501;4501;119;3
260;3;CÂMARA DE LOBOS;16;7;237;250;T1;;;260;T1_3102;3102;260;7
281;55;CAMINHA;48;4;229;221;T1;;;281;T1_1602;1602;281;5
264;97;CAMPO MAIOR;30;1;233;166;T1;;;264;T1_1204;1204;264;1
342;104;CANTANHEDE;88;16;238;236;T1;;;342;T1_0602;0602;342;2
180;17;CARRAZEDA DE ANSIÃES;17;3;160;160;T1;;;180;T1_0403;0403;180;3
126;13;CARREGAL DO SAL;23;3;100;113;T1;;;126;T1_1802;1802;126;0
482;123;CARTAXO;58;1;423;357;T1;;;482;T1_1406;1406;482;2
1529;147;CASCAIS;372;76;1081;1318;T1;;;1529;T1_1105;1105;1529;64
89;2;CASTANHEIRA DE PÊRA;11;1;77;84;T1;;;89;T1_1007;1007;89;3
541;102;CASTELO BRANCO;120;7;414;432;T1;;;541;T1_0502;0502;541;7
165;2;CASTELO DE PAIVA;22;3;140;157;T1;;;165;T1_0106;0106;165;6
175;29;CASTELO DE VIDE;13;1;161;146;T1;;;175;T1_1205;1205;175;0
250;95;CASTRO DAIRE;43;8;199;149;T1;;;250;T1_1803;1803;250;6
165;34;CASTRO MARIM;30;3;132;125;T1;;;165;T1_0804;0804;165;6
239;80;CASTRO VERDE;38;2;199;157;T1;;;239;T1_0206;0206;239;2
314;76;CELORICO DA BEIRA;51;0;263;237;T1;;;314;T1_0903;0903;314;1
279;39;CELORICO DE BASTO;38;0;241;240;T1;;;279;T1_0305;0305;279;0
166;48;CHAMUSCA;21;0;145;116;T1;;;166;T1_1407;1407;166;2
587;135;CHAVES;138;16;433;431;T1;;;587;T1_1703;1703;587;21
378;159;CINFÃES;44;1;333;216;T1;;;378;T1_1804;1804;378;3
1454;39;COIMBRA;273;49;1132;1351;T1;;;1454;T1_0603;0603;1454;64
232;95;CONDEIXA-A-NOVA;23;4;205;132;T1;;;232;T1_0604;0604;232;5
116;33;CONSTÂNCIA;14;3;99;80;T1;;;116;T1_1408;1408;116;3
421;67;CORUCHE;31;6;384;346;T1;;;421;T1_1409;1409;421;8
39;8;CORVO;1;0;38;31;T1;;;39;T1_4901;4901;39;0
357;15;COVILHÃ;35;5;317;337;T1;;;357;T1_0503;0503;357;5
121;11;CRATO;11;0;110;109;T1;;;121;T1_1206;1206;121;1
156;30;CUBA;18;1;137;125;T1;;;156;T1_0207;0207;156;1
254;50;ELVAS;17;4;233;200;T1;;;254;T1_1207;1207;254;4
307;38;ENTRONCAMENTO;25;6;276;263;T1;;;307;T1_1410;1410;307;6
682;154;ESPINHO;87;18;577;505;T1;;;682;T1_0107;0107;682;23
171;17;ESPOSENDE;53;7;111;146;T1;;;171;T1_0306;0306;171;8
257;42;ESTARREJA;57;10;190;205;T1;;;257;T1_0108;0108;257;10
282;88;ESTREMOZ;42;0;240;194;T1;;;282;T1_0704;0704;282;0
1199;314;ÉVORA;170;31;998;854;T1;;;1199;T1_0705;0705;1199;31
549;82;FAFE;86;11;452;456;T1;;;549;T1_0307;0307;549;11
1029;206;FARO;224;25;780;818;T1;;;1029;T1_0805;0805;1029;5
768;152;FELGUEIRAS;103;19;646;597;T1;;;768;T1_1303;1303;768;19
271;53;FERREIRA DO ALENTEJO;40;3;228;210;T1;;;271;T1_0208;0208;271;8
149;14;FERREIRA DO ZÊZERE;28;2;119;128;T1;;;149;T1_1411;1411;149;7
579;43;FIGUEIRA DA FOZ;75;17;487;519;T1;;;579;T1_0605;0605;579;17
133;8;FIGUEIRA DE CASTELO RODRIGO;21;0;112;121;T1;;;133;T1_0904;0904;133;4
231;89;FIGUEIRÓ DOS VINHOS;49;1;181;141;T1;;;231;T1_1008;1008;231;1
110;2;FORNOS DE ALGODRES;12;1;97;108;T1;;;110;T1_0905;0905;110;0
183;29;FREIXO DE ESPADA À CINTA;16;2;165;152;T1;;;183;T1_0404;0404;183;2
97;21;FRONTEIRA;13;2;82;76;T1;;;97;T1_1208;1208;97;0
1791;6;FUNCHAL;102;58;1631;1718;T1;;;1791;T1_3103;3103;1791;67
300;39;FUNDÃO;57;10;233;251;T1;;;300;T1_0504;0504;300;10
122;20;GAVIÃO;8;2;112;101;T1;;;122;T1_1209;1209;122;1
157;9;GÓIS;22;0;135;145;T1;;;157;T1_0606;0606;157;3
154;76;GOLEGÃ;10;3;141;77;T1;;;154;T1_1412;1412;154;1
1737;633;GONDOMAR;309;17;1411;1102;T1;;;1737;T1_1304;1304;1737;2
182;32;GOUVEIA;22;2;158;150;T1;;;182;T1_0906;0906;182;0
409;97;GRÂNDOLA;57;9;343;303;T1;;;409;T1_1505;1505;409;9
587;138;GUARDA;134;14;439;442;T1;;;587;T1_0907;0907;587;7
1674;234;GUIMARÃES;260;23;1391;1417;T1;;;1674;T1_0308;0308;1674;23
192;20;HORTA;12;3;177;172;T1;;;192;T1_4701;4701;192;0
260;19;IDANHA-A-NOVA;45;4;211;237;T1;;;260;T1_0505;0505;260;4
445;94;ÍLHAVO;89;6;350;344;T1;;;445;T1_0110;0110;445;7
503;101;LAGOA (ALGARVE);36;3;464;394;T1;;;503;T1_0806;0806;503;8
129;11;LAGOA (SÃO MIGUEL);13;1;115;117;T1;;;129;T1_4201;4201;129;1
812;111;LAGOS;88;21;703;674;T1;;;812;T1_0807;0807;812;27
43;0;LAJES DAS FLORES;3;0;40;43;T1;;;43;T1_4801;4801;43;0
81;2;LAJES DO PICO;5;1;75;78;T1;;;81;T1_4601;4601;81;1
296;86;LAMEGO;65;7;224;209;T1;;;296;T1_1805;1805;296;1
764;50;LEIRIA;123;25;616;689;T1;;;764;T1_1009;1009;764;25
10095;241;LISBOA;2245;177;7673;9838;T1;;;10095;T1_1106;1106;10095;16
1844;431;LOULÉ;242;39;1563;1378;T1;;;1844;T1_0808;0808;1844;35
2231;17;LOURES;409;43;1779;2157;T1;;;2231;T1_1107;1107;2231;57
377;37;LOURINHÃ;46;6;325;334;T1;;;377;T1_1108;1108;377;6
242;22;LOUSÃ;26;3;213;219;T1;;;242;T1_0607;0607;242;1
760;338;LOUSADA;112;11;637;407;T1;;;760;T1_1305;1305;760;15
207;31;MAÇÃO;23;1;183;173;T1;;;207;T1_1413;1413;207;3
304;80;MACEDO DE CAVALEIROS;63;9;232;213;T1;;;304;T1_0405;0405;304;11
209;6;MACHICO;21;2;186;201;T1;;;209;T1_3104;3104;209;2
94;8;MADALENA;10;2;82;84;T1;;;94;T1_4602;4602;94;2
999;198;MAFRA;104;15;880;778;T1;;;999;T1_1109;1109;999;23
1145;366;MAIA;271;41;833;776;T1;;;1145;T1_1306;1306;1145;3
347;83;MANGUALDE;33;3;311;264;T1;;;347;T1_1806;1806;347;0
78;6;MANTEIGAS;10;6;62;72;T1;;;78;T1_0908;0908;78;0
438;40;MARCO DE CANAVESES;53;10;375;384;T1;;;438;T1_1307;1307;438;14
315;7;MARINHA GRANDE;55;10;250;296;T1;;;315;T1_1010;1010;315;12
113;15;MARVÃO;14;2;97;96;T1;;;113;T1_1210;1210;113;2
1806;230;MATOSINHOS;393;52;1361;1570;T1;;;1806;T1_1308;1308;1806;6
338;104;MEALHADA;80;6;252;228;T1;;;338;T1_0111;0111;338;6
190;58;MEDA;45;1;144;132;T1;;;190;T1_0909;0909;190;0
319;96;MELGAÇO;68;6;245;223;T1;;;319;T1_1603;1603;319;0
297;30;MÉRTOLA;34;6;257;260;T1;;;297;T1_0209;0209;297;7
143;23;MESÃO FRIO;18;3;122;116;T1;;;143;T1_1704;1704;143;4
259;71;MIRA;35;5;219;181;T1;;;259;T1_0608;0608;259;7
170;51;MIRANDA DO CORVO;35;0;135;119;T1;;;170;T1_0609;0609;170;0
212;52;MIRANDA DO DOURO;34;3;175;157;T1;;;212;T1_0406;0406;212;3
498;157;MIRANDELA;82;13;403;329;T1;;;498;T1_0407;0407;498;12
168;22;MOGADOURO;17;4;147;141;T1;;;168;T1_0408;0408;168;5
147;27;MOIMENTA DA BEIRA;32;6;109;114;T1;;;147;T1_1807;1807;147;6
802;69;MOITA;83;24;695;710;T1;;;802;T1_1506;1506;802;23
322;88;MONÇÃO;48;4;270;227;T1;;;322;T1_1604;1604;322;7
226;64;MONCHIQUE;28;4;194;160;T1;;;226;T1_0809;0809;226;2
169;7;MONDIM DE BASTO;33;7;129;155;T1;;;169;T1_1705;1705;169;7
174;41;MONFORTE;21;0;153;130;T1;;;174;T1_1211;1211;174;3
280;27;MONTALEGRE;17;3;260;253;T1;;;280;T1_1706;1706;280;0
376;71;MONTEMOR-O-NOVO;60;9;307;305;T1;;;376;T1_0706;0706;376;0
238;56;MONTEMOR-O-VELHO;50;4;184;175;T1;;;238;T1_0610;0610;238;7
936;295;MONTIJO;119;14;803;622;T1;;;936;T1_1507;1507;936;19
134;29;MORA;16;1;117;105;T1;;;134;T1_0707;0707;134;0
182;52;MORTÁGUA;15;2;165;125;T1;;;182;T1_1808;1808;182;5
350;45;MOURA;36;7;307;296;T1;;;350;T1_0210;0210;350;9
210;26;MOURÃO;15;0;195;184;T1;;;210;T1_0708;0708;210;0
159;45;MURÇA;20;4;135;110;T1;;;159;T1_1707;1707;159;4
97;5;MURTOSA;14;3;80;87;T1;;;97;T1_0112;0112;97;5
415;242;NAZARÉ;83;4;328;172;T1;;;415;T1_1011;1011;415;1
300;126;NELAS;42;1;257;173;T1;;;300;T1_1809;1809;300;1
287;51;NISA;39;6;242;230;T1;;;287;T1_1212;1212;287;6
95;8;NORDESTE;5;1;89;86;T1;;;95;T1_4202;4202;95;1
356;36;ÓBIDOS;53;3;300;316;T1;;;356;T1_1012;1012;356;4
601;134;ODEMIRA;72;9;520;456;T1;;;601;T1_0211;0211;601;11
1238;112;ODIVELAS;282;42;914;1125;T1;;;1238;T1_1116;1116;1238;1
1752;541;OEIRAS;324;48;1380;1161;T1;;;1752;T1_1110;1110;1752;50
123;18;OLEIROS;21;0;102;105;T1;;;123;T1_0506;0506;123;0
757;157;OLHÃO;65;16;676;584;T1;;;757;T1_0810;0810;757;16
577;38;OLIVEIRA DE AZEMÉIS;102;19;456;538;T1;;;577;T1_0113;0113;577;1
191;71;OLIVEIRA DE FRADES;45;1;145;120;T1;;;191;T1_1810;1810;191;0
239;19;OLIVEIRA DO BAIRRO;40;6;193;209;T1;;;239;T1_0114;0114;239;11
287;104;OLIVEIRA DO HOSPITAL;20;2;265;183;T1;;;287;T1_0611;0611;287;0
499;75;OURÉM;45;13;441;423;T1;;;499;T1_1421;1421;499;1
297;83;OURIQUE;24;1;272;210;T1;;;297;T1_0212;0212;297;4
447;91;OVAR;46;13;388;343;T1;;;447;T1_0115;0115;447;13
551;110;PAÇOS DE FERREIRA;84;9;458;432;T1;;;551;T1_1309;1309;551;9
1018;74;PALMELA;160;37;821;900;T1;;;1018;T1_1508;1508;1018;44
127;21;PAMPILHOSA DA SERRA;13;1;113;105;T1;;;127;T1_0612;0612;127;1
1010;163;PAREDES;208;8;794;837;T1;;;1010;T1_1310;1310;1010;10
177;10;PAREDES DE COURA;17;3;157;166;T1;;;177;T1_1605;1605;177;1
110;25;PEDRÓGÃO GRANDE;9;1;100;85;T1;;;110;T1_1013;1013;110;0
165;48;PENACOVA;38;2;125;115;T1;;;165;T1_0613;0613;165;2
741;145;PENAFIEL;169;11;561;578;T1;;;741;T1_1311;1311;741;18
118;46;PENALVA DO CASTELO;27;2;89;69;T1;;;118;T1_1811;1811;118;3
117;11;PENAMACOR;17;0;100;106;T1;;;117;T1_0507;0507;117;0
90;8;PENEDONO;11;2;77;80;T1;;;90;T1_1812;1812;90;2
118;25;PENELA;24;2;92;90;T1;;;118;T1_0614;0614;118;3
521;257;PENICHE;105;10;406;262;T1;;;521;T1_1014;1014;521;2
308;97;PESO DA RÉGUA;42;6;260;203;T1;;;308;T1_1708;1708;308;8
131;7;PINHEL;17;2;112;122;T1;;;131;T1_0910;0910;131;2
410;85;POMBAL;42;4;364;317;T1;;;410;T1_1015;1015;410;8
604;56;PONTA DELGADA;33;14;557;530;T1;;;604;T1_4203;4203;604;18
89;2;PONTA DO SOL;9;2;78;85;T1;;;89;T1_3105;3105;89;2
255;19;PONTE DA BARCA;22;3;230;233;T1;;;255;T1_1606;1606;255;3
583;148;PONTE DE LIMA;40;3;540;434;T1;;;583;T1_1607;1607;583;1
312;46;PONTE DE SOR;27;6;279;254;T1;;;312;T1_1213;1213;312;12
687;157;PORTALEGRE;49;10;628;520;T1;;;687;T1_1214;1214;687;10
257;86;PORTEL;26;4;227;171;T1;;;257;T1_0709;0709;257;0
963;174;PORTIMÃO;108;27;828;755;T1;;;963;T1_0811;0811;963;34
2734;206;PORTO;371;71;2292;2505;T1;;;2734;T1_1312;1312;2734;23
348;93;PORTO DE MÓS;27;3;318;252;T1;;;348;T1_1016;1016;348;3
69;2;PORTO MONIZ;1;3;65;67;T1;;;69;T1_3106;3106;69;0
85;5;PORTO SANTO;4;1;80;79;T1;;;85;T1_3201;3201;85;1
184;24;PÓVOA DE LANHOSO;44;7;133;158;T1;;;184;T1_0309;0309;184;2
789;74;PÓVOA DE VARZIM;140;15;634;715;T1;;;789;T1_1313;1313;789;0
114;33;POVOAÇÃO;8;1;105;81;T1;;;114;T1_4204;4204;114;0
191;5;PRAIA DA VITÓRIA;13;6;172;185;T1;;;191;T1_4302;4302;191;1
155;21;PROENÇA-A-NOVA;24;2;129;130;T1;;;155;T1_0508;0508;155;4
235;47;REDONDO;38;3;194;186;T1;;;235;T1_0710;0710;235;2
258;60;REGUENGOS DE MONSARAZ;25;0;233;197;T1;;;258;T1_0711;0711;258;1
285;91;RESENDE;36;4;245;190;T1;;;285;T1_1813;1813;285;4
110;0;RIBEIRA BRAVA;3;3;104;110;T1;;;110;T1_3107;3107;110;0
206;33;RIBEIRA DE PENA;25;3;178;166;T1;;;206;T1_1709;1709;206;7
255;16;RIBEIRA GRANDE;23;4;228;239;T1;;;255;T1_4205;4205;255;0
349;39;RIO MAIOR;31;9;309;301;T1;;;349;T1_1414;1414;349;9
165;17;SABROSA;16;2;147;145;T1;;;165;T1_1710;1710;165;3
170;3;SABUGAL;34;3;133;164;T1;;;170;T1_0911;0911;170;3
246;77;SALVATERRA DE MAGOS;29;12;205;164;T1;;;246;T1_1415;1415;246;5
208;72;SANTA COMBA DÃO;28;0;180;133;T1;;;208;T1_1814;1814;208;3
389;1;SANTA CRUZ;24;3;362;388;T1;;;389;T1_3108;3108;389;0
70;13;SANTA CRUZ DA GRACIOSA;4;0;66;57;T1;;;70;T1_4401;4401;70;0
56;20;SANTA CRUZ DAS FLORES;2;0;54;36;T1;;;56;T1_4802;4802;56;0
1102;452;SANTA MARIA DA FEIRA;419;11;672;650;T1;;;1102;T1_0109;0109;1102;0
142;34;SANTA MARTA DE PENAGUIÃO;19;0;123;108;T1;;;142;T1_1711;1711;142;0
103;0;SANTANA;6;3;94;103;T1;;;103;T1_3109;3109;103;0
904;178;SANTARÉM;133;18;753;718;T1;;;904;T1_1416;1416;904;8
615;117;SANTIAGO DO CACÉM;75;13;527;479;T1;;;615;T1_1509;1509;615;19
590;116;SANTO TIRSO;62;24;504;442;T1;;;590;T1_1314;1314;590;32
276;105;SÃO BRÁS DE ALPORTEL;25;3;248;165;T1;;;276;T1_0812;0812;276;6
304;101;SÃO JOÃO DA MADEIRA;65;8;231;195;T1;;;304;T1_0116;0116;304;8
55;1;SÃO JOÃO DA PESQUEIRA;11;3;41;51;T1;;;55;T1_1815;1815;55;3
426;122;SÃO PEDRO DO SUL;40;5;381;299;T1;;;426;T1_1816;1816;426;5
50;0;SÃO ROQUE DO PICO;5;0;45;49;T1;;;50;T1_4603;4603;50;1
75;0;SÃO VICENTE;4;3;68;72;T1;;;75;T1_3110;3110;75;3
187;26;SARDOAL;12;3;172;158;T1;;;187;T1_1417;1417;187;3
185;43;SÁTÃO;16;3;166;139;T1;;;185;T1_1817;1817;185;3
298;62;SEIA;69;9;220;221;T1;;;298;T1_0912;0912;298;15
1635;147;SEIXAL;236;51;1348;1417;T1;;;1635;T1_1510;1510;1635;71
100;22;SERNANCELHE;17;1;82;75;T1;;;100;T1_1818;1818;100;3
362;98;SERPA;58;8;296;256;T1;;;362;T1_0213;0213;362;8
326;76;SERTÃ;28;2;296;250;T1;;;326;T1_0509;0509;326;0
969;229;SESIMBRA;160;31;778;709;T1;;;969;T1_1511;1511;969;31
1432;172;SETÚBAL;208;29;1195;1222;T1;;;1432;T1_1512;1512;1432;38
134;24;SEVER DO VOUGA;16;1;117;110;T1;;;134;T1_0117;0117;134;0
757;190;SILVES;108;8;641;559;T1;;;757;T1_0813;0813;757;8
516;107;SINES;62;6;448;401;T1;;;516;T1_1513;1513;516;8
2617;121;SINTRA;358;62;2197;2417;T1;;;2617;T1_1111;1111;2617;79
165;33;SOBRAL DE MONTE AGRAÇO;24;3;138;131;T1;;;165;T1_1112;1112;165;1
247;5;SOURE;26;3;218;239;T1;;;247;T1_0615;0615;247;3
132;20;SOUSEL;25;2;105;112;T1;;;132;T1_1215;1215;132;0
213;42;TÁBUA;40;4;169;164;T1;;;213;T1_0616;0616;213;7
184;63;TABUAÇO;20;4;160;114;T1;;;184;T1_1819;1819;184;7
250;42;TAROUCA;24;4;222;204;T1;;;250;T1_1820;1820;250;4
500;50;TAVIRA;93;18;389;430;T1;;;500;T1_0814;0814;500;20
222;11;TERRAS DE BOURO;21;5;196;206;T1;;;222;T1_0310;0310;222;5
579;78;TOMAR;59;8;512;486;T1;;;579;T1_1418;1418;579;15
348;98;TONDELA;62;7;279;250;T1;;;348;T1_1821;1821;348;0
265;57;TORRE DE MONCORVO;29;6;230;206;T1;;;265;T1_0409;0409;265;2
618;127;TORRES NOVAS;65;12;541;479;T1;;;618;T1_1419;1419;618;12
714;116;TORRES VEDRAS;92;13;609;578;T1;;;714;T1_1113;1113;714;20
159;52;TRANCOSO;39;4;116;103;T1;;;159;T1_0913;0913;159;4
412;133;TROFA;61;11;340;268;T1;;;412;T1_1318;1318;412;11
209;8;VAGOS;27;10;172;187;T1;;;209;T1_0118;0118;209;14
248;44;VALE DE CAMBRA;46;7;195;197;T1;;;248;T1_0119;0119;248;7
342;65;VALENÇA;28;3;311;272;T1;;;342;T1_1608;1608;342;5
852;198;VALONGO;195;23;634;654;T1;;;852;T1_1315;1315;852;0
224;64;VALPAÇOS;49;6;169;150;T1;;;224;T1_1712;1712;224;10
92;0;VELAS;1;2;89;89;T1;;;92;T1_4502;4502;92;3
260;58;VENDAS NOVAS;17;3;240;196;T1;;;260;T1_0712;0712;260;6
128;13;VIANA DO ALENTEJO;13;2;113;111;T1;;;128;T1_0713;0713;128;4
835;194;VIANA DO CASTELO;146;26;663;641;T1;;;835;T1_1609;1609;835;0
163;29;VIDIGUEIRA;18;1;144;134;T1;;;163;T1_0214;0214;163;0
133;41;VIEIRA DO MINHO;43;5;85;89;T1;;;133;T1_0311;0311;133;3
128;22;VILA DE REI;13;5;110;104;T1;;;128;T1_0510;0510;128;2
254;58;VILA DO BISPO;38;7;209;194;T1;;;254;T1_0815;0815;254;2
1310;327;VILA DO CONDE;184;8;1118;975;T1;;;1310;T1_1316;1316;1310;8
99;6;VILA DO PORTO;5;1;93;92;T1;;;99;T1_4101;4101;99;1
165;53;VILA FLOR;23;0;142;112;T1;;;165;T1_0410;0410;165;0
929;159;VILA FRANCA DE XIRA;168;24;737;764;T1;;;929;T1_1114;1114;929;6
119;6;VILA FRANCA DO CAMPO;9;2;108;111;T1;;;119;T1_4206;4206;119;2
185;48;VILA NOVA DA BARQUINHA;18;5;162;132;T1;;;185;T1_1420;1420;185;5
264;61;VILA NOVA DE CERVEIRA;47;3;214;200;T1;;;264;T1_1610;1610;264;3
1294;535;VILA NOVA DE FAMALICÃO;322;12;960;747;T1;;;1294;T1_0312;0312;1294;12
157;16;VILA NOVA DE FOZ CÔA;10;1;146;141;T1;;;157;T1_0914;0914;157;0
1696;292;VILA NOVA DE GAIA;218;58;1420;1398;T1;;;1696;T1_1317;1317;1696;6
138;57;VILA NOVA DE PAIVA;19;3;116;77;T1;;;138;T1_1822;1822;138;4
162;20;VILA NOVA DE POIARES;30;2;130;141;T1;;;162;T1_0617;0617;162;1
239;58;VILA POUCA DE AGUIAR;38;6;195;181;T1;;;239;T1_1713;1713;239;0
458;132;VILA REAL;53;15;390;311;T1;;;458;T1_1714;1714;458;15
461;169;VILA REAL DE SANTO ANTÓNIO;87;8;366;291;T1;;;461;T1_0816;0816;461;1
147;14;VILA VELHA DE RÓDÃO;21;2;124;131;T1;;;147;T1_0511;0511;147;2
421;71;VILA VERDE;57;9;355;336;T1;;;421;T1_0313;0313;421;14
175;33;VILA VIÇOSA;11;2;162;140;T1;;;175;T1_0714;0714;175;2
124;9;VIMIOSO;17;5;102;110;T1;;;124;T1_0411;0411;124;5
189;28;VINHAIS;31;4;154;157;T1;;;189;T1_0412;0412;189;4
980;392;VISEU;217;11;752;577;T1;;;980;T1_1823;1823;980;11
275;75;VIZELA;26;2;247;198;T1;;;275;T1_0314;0314;275;2
194;65;VOUZELA;20;1;173;129;T1;;;194;T1_1824;1824;194;0
411;54;ABRANTES;68;14;329;353;T2;;;411;T2_1401;1401;411;4
467;60;ÁGUEDA;64;11;392;407;T2;;;467;T2_0101;0101;467;0
116;14;AGUIAR DA BEIRA;14;3;99;102;T2;;;116;T2_0901;0901;116;0
209;10;ALANDROAL;28;0;181;199;T2;;;209;T2_0701;0701;209;0
294;90;ALBERGARIA-A-VELHA;80;6;208;198;T2;;;294;T2_0102;0102;294;6
1296;113;ALBUFEIRA;134;23;1139;1160;T2;;;1296;T2_0801;0801;1296;23
351;49;ALCÁCER DO SAL;38;2;311;296;T2;;;351;T2_1501;1501;351;6
196;71;ALCANENA;30;2;164;123;T2;;;196;T2_1402;1402;196;2
367;59;ALCOBAÇA;63;17;287;291;T2;;;367;T2_1001;1001;367;17
413;107;ALCOCHETE;76;6;331;300;T2;;;413;T2_1502;1502;413;6
143;5;ALCOUTIM;21;1;121;131;T2;;;143;T2_0802;0802;143;7
597;28;ALENQUER;63;9;525;552;T2;;;597;T2_1101;1101;597;17
156;39;ALFÂNDEGA DA FÉ;21;4;131;113;T2;;;156;T2_0401;0401;156;4
197;39;ALIJÓ;26;7;164;158;T2;;;197;T2_1701;1701;197;0
199;24;ALJEZUR;24;3;172;175;T2;;;199;T2_0803;0803;199;0
178;41;ALJUSTREL;34;2;142;135;T2;;;178;T2_0201;0201;178;2
1531;149;ALMADA;175;59;1297;1315;T2;;;1531;T2_1503;1503;1531;67
140;19;ALMEIDA;38;1;101;120;T2;;;140;T2_0902;0902;140;1
329;53;ALMEIRIM;30;0;299;270;T2;;;329;T2_1403;1403;329;6
209;31;ALMODÔVAR;30;3;176;175;T2;;;209;T2_0202;0202;209;3
191;44;ALPIARÇA;16;1;174;144;T2;;;191;T2_1404;1404;191;3
149;24;ALTER DO CHÃO;22;3;124;125;T2;;;149;T2_1201;1201;149;0
108;13;ALVAIÁZERE;20;2;86;92;T2;;;108;T2_1002;1002;108;3
118;20;ALVITO;9;11;98;87;T2;;;118;T2_0203;0203;118;11
1699;154;AMADORA;209;31;1459;1499;T2;;;1699;T2_1115;1115;1699;46
516;183;AMARANTE;40;11;465;322;T2;;;516;T2_1301;1301;516;11
213;8;AMARES;19;7;187;197;T2;;;213;T2_0301;0301;213;8
261;132;ANADIA;77;6;178;121;T2;;;261;T2_0103;0103;261;8
227;27;ANGRA DO HEROÍSMO;22;6;199;198;T2;;;227;T2_4301;4301;227;2
138;19;ANSIÃO;18;2;118;118;T2;;;138;T2_1003;1003;138;1
335;100;ARCOS DE VALDEVEZ;34;1;300;231;T2;;;335;T2_1601;1601;335;4
228;26;ARGANIL;30;0;198;202;T2;;;228;T2_0601;0601;228;0
201;38;ARMAMAR;31;4;166;163;T2;;;201;T2_1801;1801;201;0
207;40;AROUCA;20;5;182;162;T2;;;207;T2_0104;0104;207;5
152;11;ARRAIOLOS;12;2;138;137;T2;;;152;T2_0702;0702;152;4
113;30;ARRONCHES;16;1;96;83;T2;;;113;T2_1202;1202;113;0
237;52;ARRUDA DOS VINHOS;24;5;208;185;T2;;;237;T2_1102;1102;237;0
554;25;AVEIRO;102;39;413;526;T2;;;554;T2_0105;0105;554;3
222;30;AVIS;42;4;176;188;T2;;;222;T2_1203;1203;222;4
360;23;AZAMBUJA;50;12;298;319;T2;;;360;T2_1103;1103;360;18
331;24;BAIÃO;48;1;282;297;T2;;;331;T2_1302;1302;331;10
680;149;BARCELOS;130;20;530;511;T2;;;680;T2_0302;0302;680;20
110;25;BARRANCOS;10;3;97;82;T2;;;110;T2_0204;0204;110;3
803;115;BARREIRO;136;32;635;656;T2;;;803;T2_1504;1504;803;32
95;14;BATALHA;19;4;72;77;T2;;;95;T2_1004;1004;95;4
550;60;BEJA;49;17;484;489;T2;;;550;T2_0205;0205;550;1
55;6;BELMONTE;5;2;48;47;T2;;;55;T2_0501;0501;55;2
400;23;BENAVENTE;54;5;341;368;T2;;;400;T2_1405;1405;400;9
235;78;BOMBARRAL;30;4;201;157;T2;;;235;T2_1005;1005;235;0
222;50;BORBA;19;1;202;172;T2;;;222;T2_0703;0703;222;0
127;12;BOTICAS;15;6;106;108;T2;;;127;T2_1702;1702;127;7
1725;214;BRAGA;272;29;1424;1466;T2;;;1725;T2_0303;0303;1725;45
362;15;BRAGANÇA;35;10;317;337;T2;;;362;T2_0402;0402;362;10
292;29;CABECEIRAS DE BASTO;17;6;269;257;T2;;;292;T2_0304;0304;292;6
227;64;CADAVAL;29;4;194;158;T2;;;227;T2_1104;1104;227;5
329;48;CALDAS DA RAINHA;29;2;298;271;T2;;;329;T2_1006;1006;329;10
136;4;CALHETA (MADEIRA);10;0;126;132;T2;;;136;T2_3101;3101;136;0
118;0;CALHETA (SÃO JORGE);1;4;113;115;T2;;;118;T2_4501;4501;118;3
259;2;CÂMARA DE LOBOS;16;7;236;250;T2;;;259;T2_3102;3102;259;7
281;57;CAMINHA;48;4;229;219;T2;;;281;T2_1602;1602;281;5
232;67;CAMPO MAIOR;16;2;214;163;T2;;;232;T2_1204;1204;232;2
340;104;CANTANHEDE;88;16;236;234;T2;;;340;T2_0602;0602;340;2
181;17;CARRAZEDA DE ANSIÃES;17;3;161;160;T2;;;181;T2_0403;0403;181;4
125;13;CARREGAL DO SAL;23;3;99;112;T2;;;125;T2_1802;1802;125;0
474;117;CARTAXO;57;1;416;355;T2;;;474;T2_1406;1406;474;2
1539;156;CASCAIS;377;81;1081;1319;T2;;;1539;T2_1105;1105;1539;64
88;2;CASTANHEIRA DE PÊRA;11;1;76;83;T2;;;88;T2_1007;1007;88;3
536;102;CASTELO BRANCO;120;7;409;427;T2;;;536;T2_0502;0502;536;7
169;2;CASTELO DE PAIVA;22;3;144;161;T2;;;169;T2_0106;0106;169;6
171;26;CASTELO DE VIDE;13;1;157;145;T2;;;171;T2_1205;1205;171;0
219;64;CASTRO DAIRE;22;8;189;149;T2;;;219;T2_1803;1803;219;6
161;33;CASTRO MARIM;26;6;129;119;T2;;;161;T2_0804;0804;161;9
236;79;CASTRO VERDE;38;2;196;155;T2;;;236;T2_0206;0206;236;2
301;65;CELORICO DA BEIRA;44;0;257;235;T2;;;301;T2_0903;0903;301;1
291;52;CELORICO DE BASTO;40;0;251;239;T2;;;291;T2_0305;0305;291;0
163;47;CHAMUSCA;20;0;143;114;T2;;;163;T2_1407;1407;163;2
514;63;CHAVES;69;16;429;430;T2;;;514;T2_1703;1703;514;21
331;98;CINFÃES;43;1;287;230;T2;;;331;T2_1804;1804;331;3
1454;48;COIMBRA;271;52;1131;1339;T2;;;1454;T2_0603;0603;1454;67
226;90;CONDEIXA-A-NOVA;22;4;200;131;T2;;;226;T2_0604;0604;226;5
114;31;CONSTÂNCIA;14;3;97;80;T2;;;114;T2_1408;1408;114;3
422;67;CORUCHE;31;6;385;347;T2;;;422;T2_1409;1409;422;8
41;12;CORVO;1;0;40;29;T2;;;41;T2_4901;4901;41;0
353;13;COVILHÃ;35;5;313;335;T2;;;353;T2_0503;0503;353;5
120;11;CRATO;11;0;109;108;T2;;;120;T2_1206;1206;120;1
156;30;CUBA;17;1;138;125;T2;;;156;T2_0207;0207;156;1
254;50;ELVAS;17;4;233;200;T2;;;254;T2_1207;1207;254;4
304;29;ENTRONCAMENTO;25;6;273;269;T2;;;304;T2_1410;1410;304;6
673;146;ESPINHO;87;17;569;505;T2;;;673;T2_0107;0107;673;22
168;16;ESPOSENDE;54;7;107;144;T2;;;168;T2_0306;0306;168;8
238;42;ESTARREJA;56;9;173;187;T2;;;238;T2_0108;0108;238;9
272;78;ESTREMOZ;41;0;231;194;T2;;;272;T2_0704;0704;272;0
1136;248;ÉVORA;113;31;992;857;T2;;;1136;T2_0705;0705;1136;31
544;79;FAFE;84;11;449;454;T2;;;544;T2_0307;0307;544;11
1005;185;FARO;221;25;759;815;T2;;;1005;T2_0805;0805;1005;5
760;145;FELGUEIRAS;100;19;641;596;T2;;;760;T2_1303;1303;760;19
272;49;FERREIRA DO ALENTEJO;38;3;231;215;T2;;;272;T2_0208;0208;272;8
148;13;FERREIRA DO ZÊZERE;20;2;126;128;T2;;;148;T2_1411;1411;148;7
584;48;FIGUEIRA DA FOZ;75;18;491;518;T2;;;584;T2_0605;0605;584;18
138;5;FIGUEIRA DE CASTELO RODRIGO;19;0;119;129;T2;;;138;T2_0904;0904;138;4
223;81;FIGUEIRÓ DOS VINHOS;48;1;174;141;T2;;;223;T2_1008;1008;223;1
108;2;FORNOS DE ALGODRES;12;1;95;106;T2;;;108;T2_0905;0905;108;0
184;29;FREIXO DE ESPADA À CINTA;16;2;166;153;T2;;;184;T2_0404;0404;184;2
95;13;FRONTEIRA;13;2;80;82;T2;;;95;T2_1208;1208;95;0
1774;7;FUNCHAL;104;58;1612;1700;T2;;;1774;T2_3103;3103;1774;67
294;32;FUNDÃO;55;10;229;252;T2;;;294;T2_0504;0504;294;10
133;17;GAVIÃO;7;2;124;115;T2;;;133;T2_1209;1209;133;1
153;5;GÓIS;16;0;137;145;T2;;;153;T2_0606;0606;153;3
152;74;GOLEGÃ;10;3;139;77;T2;;;152;T2_1412;1412;152;1
1522;426;GONDOMAR;105;17;1400;1094;T2;;;1522;T2_1304;1304;1522;2
178;30;GOUVEIA;22;2;154;148;T2;;;178;T2_0906;0906;178;0
422;98;GRÂNDOLA;64;9;349;315;T2;;;422;T2_1505;1505;422;9
584;136;GUARDA;133;14;437;441;T2;;;584;T2_0907;0907;584;7
1521;85;GUIMARÃES;110;23;1388;1413;T2;;;1521;T2_0308;0308;1521;23
192;20;HORTA;13;3;176;172;T2;;;192;T2_4701;4701;192;0
255;19;IDANHA-A-NOVA;43;4;208;232;T2;;;255;T2_0505;0505;255;4
421;89;ÍLHAVO;87;6;328;325;T2;;;421;T2_0110;0110;421;7
496;99;LAGOA (ALGARVE);35;3;458;389;T2;;;496;T2_0806;0806;496;8
126;8;LAGOA (SÃO MIGUEL);11;1;114;117;T2;;;126;T2_4201;4201;126;1
759;64;LAGOS;89;20;650;669;T2;;;759;T2_0807;0807;759;26
43;0;LAJES DAS FLORES;3;0;40;43;T2;;;43;T2_4801;4801;43;0
79;2;LAJES DO PICO;5;1;73;76;T2;;;79;T2_4601;4601;79;1
282;70;LAMEGO;51;7;224;211;T2;;;282;T2_1805;1805;282;1
755;48;LEIRIA;124;24;607;683;T2;;;755;T2_1009;1009;755;24
10023;260;LISBOA;2232;178;7613;9747;T2;;;10023;T2_1106;1106;10023;16
1836;426;LOULÉ;244;39;1553;1375;T2;;;1836;T2_0808;0808;1836;35
2217;16;LOURES;408;43;1766;2144;T2;;;2217;T2_1107;1107;2217;57
376;36;LOURINHÃ;46;6;324;334;T2;;;376;T2_1108;1108;376;6
243;21;LOUSÃ;26;3;214;221;T2;;;243;T2_0607;0607;243;1
688;269;LOUSADA;43;11;634;404;T2;;;688;T2_1305;1305;688;15
218;41;MAÇÃO;23;1;194;174;T2;;;218;T2_1413;1413;218;3
306;83;MACEDO DE CAVALEIROS;60;9;237;212;T2;;;306;T2_0405;0405;306;11
209;6;MACHICO;21;2;186;201;T2;;;209;T2_3104;3104;209;2
91;8;MADALENA;10;2;79;81;T2;;;91;T2_4602;4602;91;2
988;169;MAFRA;103;14;871;797;T2;;;988;T2_1109;1109;988;22
995;219;MAIA;127;41;827;773;T2;;;995;T2_1306;1306;995;3
340;77;MANGUALDE;32;3;305;263;T2;;;340;T2_1806;1806;340;0
78;6;MANTEIGAS;10;6;62;72;T2;;;78;T2_0908;0908;78;0
438;40;MARCO DE CANAVESES;53;10;375;384;T2;;;438;T2_1307;1307;438;14
312;7;MARINHA GRANDE;55;10;247;293;T2;;;312;T2_1010;1010;312;12
115;17;MARVÃO;14;2;99;96;T2;;;115;T2_1210;1210;115;2
1671;78;MATOSINHOS;260;53;1358;1587;T2;;;1671;T2_1308;1308;1671;6
334;93;MEALHADA;80;6;248;235;T2;;;334;T2_0111;0111;334;6
182;54;MEDA;42;1;139;128;T2;;;182;T2_0909;0909;182;0
305;86;MELGAÇO;55;6;244;219;T2;;;305;T2_1603;1603;305;0
295;31;MÉRTOLA;34;6;255;258;T2;;;295;T2_0209;0209;295;6
132;13;MESÃO FRIO;9;3;120;115;T2;;;132;T2_1704;1704;132;4
255;63;MIRA;35;5;215;185;T2;;;255;T2_0608;0608;255;7
170;47;MIRANDA DO CORVO;35;0;135;123;T2;;;170;T2_0609;0609;170;0
216;56;MIRANDA DO DOURO;34;3;179;157;T2;;;216;T2_0406;0406;216;3
496;104;MIRANDELA;89;13;394;380;T2;;;496;T2_0407;0407;496;12
168;22;MOGADOURO;17;4;147;141;T2;;;168;T2_0408;0408;168;5
146;26;MOIMENTA DA BEIRA;31;6;109;114;T2;;;146;T2_1807;1807;146;6
803;69;MOITA;84;24;695;711;T2;;;803;T2_1506;1506;803;23
319;87;MONÇÃO;48;4;267;225;T2;;;319;T2_1604;1604;319;7
223;63;MONCHIQUE;24;4;195;158;T2;;;223;T2_0809;0809;223;2
167;7;MONDIM DE BASTO;31;7;129;153;T2;;;167;T2_1705;1705;167;7
165;32;MONFORTE;23;0;142;130;T2;;;165;T2_1211;1211;165;3
280;27;MONTALEGRE;17;3;260;253;T2;;;280;T2_1706;1706;280;0
391;86;MONTEMOR-O-NOVO;60;9;322;305;T2;;;391;T2_0706;0706;391;0
232;50;MONTEMOR-O-VELHO;49;4;179;174;T2;;;232;T2_0610;0610;232;8
928;294;MONTIJO;117;15;796;614;T2;;;928;T2_1507;1507;928;20
132;29;MORA;16;1;115;103;T2;;;132;T2_0707;0707;132;0
180;51;MORTÁGUA;15;2;163;124;T2;;;180;T2_1808;1808;180;5
352;43;MOURA;35;6;311;301;T2;;;352;T2_0210;0210;352;8
206;24;MOURÃO;15;0;191;182;T2;;;206;T2_0708;0708;206;0
160;47;MURÇA;13;4;143;109;T2;;;160;T2_1707;1707;160;4
97;5;MURTOSA;14;3;80;87;T2;;;97;T2_0112;0112;97;5
387;215;NAZARÉ;82;3;302;172;T2;;;387;T2_1011;1011;387;0
319;127;NELAS;42;1;276;191;T2;;;319;T2_1809;1809;319;1
275;43;NISA;36;4;235;228;T2;;;275;T2_1212;1212;275;4
92;8;NORDESTE;5;1;86;83;T2;;;92;T2_4202;4202;92;1
352;36;ÓBIDOS;52;3;297;312;T2;;;352;T2_1012;1012;352;4
599;133;ODEMIRA;73;9;517;455;T2;;;599;T2_0211;0211;599;11
1232;112;ODIVELAS;281;42;909;1119;T2;;;1232;T2_1116;1116;1232;1
1866;527;OEIRAS;356;48;1462;1289;T2;;;1866;T2_1110;1110;1866;50
123;18;OLEIROS;21;0;102;105;T2;;;123;T2_0506;0506;123;0
768;171;OLHÃO;78;16;674;580;T2;;;768;T2_0810;0810;768;17
581;37;OLIVEIRA DE AZEMÉIS;106;19;456;543;T2;;;581;T2_0113;0113;581;1
187;67;OLIVEIRA DE FRADES;41;1;145;120;T2;;;187;T2_1810;1810;187;0
232;11;OLIVEIRA DO BAIRRO;32;6;194;210;T2;;;232;T2_0114;0114;232;11
257;66;OLIVEIRA DO HOSPITAL;20;2;235;191;T2;;;257;T2_0611;0611;257;0
494;74;OURÉM;46;12;436;419;T2;;;494;T2_1421;1421;494;1
293;78;OURIQUE;20;1;272;211;T2;;;293;T2_0212;0212;293;4
447;94;OVAR;45;13;389;340;T2;;;447;T2_0115;0115;447;13
544;110;PAÇOS DE FERREIRA;84;9;451;425;T2;;;544;T2_1309;1309;544;9
1011;75;PALMELA;160;36;815;893;T2;;;1011;T2_1508;1508;1011;43
125;21;PAMPILHOSA DA SERRA;13;1;111;103;T2;;;125;T2_0612;0612;125;1
906;138;PAREDES;97;8;801;758;T2;;;906;T2_1310;1310;906;10
177;10;PAREDES DE COURA;17;3;157;166;T2;;;177;T2_1605;1605;177;1
106;24;PEDRÓGÃO GRANDE;9;1;96;82;T2;;;106;T2_1013;1013;106;0
166;49;PENACOVA;38;2;126;115;T2;;;166;T2_0613;0613;166;2
730;136;PENAFIEL;165;11;554;576;T2;;;730;T2_1311;1311;730;18
112;40;PENALVA DO CASTELO;22;2;88;69;T2;;;112;T2_1811;1811;112;3
117;11;PENAMACOR;17;0;100;106;T2;;;117;T2_0507;0507;117;0
90;8;PENEDONO;11;2;77;80;T2;;;90;T2_1812;1812;90;2
120;26;PENELA;25;2;93;91;T2;;;120;T2_0614;0614;120;3
453;175;PENICHE;56;10;387;276;T2;;;453;T2_1014;1014;453;2
267;56;PESO DA RÉGUA;19;6;242;203;T2;;;267;T2_1708;1708;267;8
131;7;PINHEL;17;1;113;123;T2;;;131;T2_0910;0910;131;1
399;78;POMBAL;39;4;356;313;T2;;;399;T2_1015;1015;399;8
606;56;PONTA DELGADA;33;14;559;532;T2;;;606;T2_4203;4203;606;18
88;1;PONTA DO SOL;8;2;78;85;T2;;;88;T2_3105;3105;88;2
258;18;PONTE DA BARCA;22;3;233;237;T2;;;258;T2_1606;1606;258;3
588;155;PONTE DE LIMA;40;3;545;432;T2;;;588;T2_1607;1607;588;1
312;45;PONTE DE SOR;27;6;279;255;T2;;;312;T2_1213;1213;312;12
687;157;PORTALEGRE;49;10;628;520;T2;;;687;T2_1214;1214;687;10
256;86;PORTEL;25;4;227;170;T2;;;256;T2_0709;0709;256;0
944;163;PORTIMÃO;105;27;812;747;T2;;;944;T2_0811;0811;944;34
2744;240;PORTO;372;70;2302;2482;T2;;;2744;T2_1312;1312;2744;22
327;70;PORTO DE MÓS;25;3;299;254;T2;;;327;T2_1016;1016;327;3
74;7;PORTO MONIZ;1;3;70;67;T2;;;74;T2_3106;3106;74;0
85;5;PORTO SANTO;4;1;80;79;T2;;;85;T2_3201;3201;85;1
183;23;PÓVOA DE LANHOSO;44;7;132;158;T2;;;183;T2_0309;0309;183;2
780;71;PÓVOA DE VARZIM;138;15;627;709;T2;;;780;T2_1313;1313;780;0
112;32;POVOAÇÃO;8;1;103;80;T2;;;112;T2_4204;4204;112;0
191;5;PRAIA DA VITÓRIA;14;6;171;185;T2;;;191;T2_4302;4302;191;1
154;20;PROENÇA-A-NOVA;24;2;128;130;T2;;;154;T2_0508;0508;154;4
235;47;REDONDO;38;3;194;186;T2;;;235;T2_0710;0710;235;2
248;50;REGUENGOS DE MONSARAZ;24;0;224;197;T2;;;248;T2_0711;0711;248;1
268;74;RESENDE;28;4;236;190;T2;;;268;T2_1813;1813;268;4
108;0;RIBEIRA BRAVA;3;3;102;108;T2;;;108;T2_3107;3107;108;0
207;34;RIBEIRA DE PENA;26;3;178;166;T2;;;207;T2_1709;1709;207;7
254;16;RIBEIRA GRANDE;23;4;227;238;T2;;;254;T2_4205;4205;254;0
344;38;RIO MAIOR;31;8;305;298;T2;;;344;T2_1414;1414;344;8
160;12;SABROSA;15;2;143;145;T2;;;160;T2_1710;1710;160;3
173;0;SABUGAL;34;3;136;170;T2;;;173;T2_0911;0911;173;3
243;77;SALVATERRA DE MAGOS;29;11;203;162;T2;;;243;T2_1415;1415;243;4
201;65;SANTA COMBA DÃO;25;0;176;133;T2;;;201;T2_1814;1814;201;3
388;1;SANTA CRUZ;24;3;361;387;T2;;;388;T2_3108;3108;388;0
69;14;SANTA CRUZ DA GRACIOSA;4;0;65;55;T2;;;69;T2_4401;4401;69;0
56;20;SANTA CRUZ DAS FLORES;2;0;54;36;T2;;;56;T2_4802;4802;56;0
884;229;SANTA MARIA DA FEIRA;200;11;673;655;T2;;;884;T2_0109;0109;884;0
115;7;SANTA MARTA DE PENAGUIÃO;7;0;108;108;T2;;;115;T2_1711;1711;115;0
103;0;SANTANA;6;3;94;103;T2;;;103;T2_3109;3109;103;0
893;173;SANTARÉM;133;17;743;712;T2;;;893;T2_1416;1416;893;8
613;107;SANTIAGO DO CACÉM;74;13;526;487;T2;;;613;T2_1509;1509;613;19
583;113;SANTO TIRSO;63;24;496;438;T2;;;583;T2_1314;1314;583;32
269;94;SÃO BRÁS DE ALPORTEL;23;3;243;169;T2;;;269;T2_0812;0812;269;6
298;95;SÃO JOÃO DA MADEIRA;52;8;238;195;T2;;;298;T2_0116;0116;298;8
59;5;SÃO JOÃO DA PESQUEIRA;11;3;45;51;T2;;;59;T2_1815;1815;59;3
406;101;SÃO PEDRO DO SUL;40;5;361;300;T2;;;406;T2_1816;1816;406;5
50;0;SÃO ROQUE DO PICO;5;0;45;49;T2;;;50;T2_4603;4603;50;1
74;0;SÃO VICENTE;4;3;67;71;T2;;;74;T2_3110;3110;74;3
184;23;SARDOAL;12;3;169;158;T2;;;184;T2_1417;1417;184;3
185;43;SÁTÃO;16;3;166;139;T2;;;185;T2_1817;1817;185;3
260;27;SEIA;45;8;207;219;T2;;;260;T2_0912;0912;260;14
1609;141;SEIXAL;234;51;1324;1397;T2;;;1609;T2_1510;1510;1609;71
98;20;SERNANCELHE;17;1;80;75;T2;;;98;T2_1818;1818;98;3
368;94;SERPA;35;8;325;266;T2;;;368;T2_0213;0213;368;8
324;76;SERTÃ;27;2;295;248;T2;;;324;T2_0509;0509;324;0
967;120;SESIMBRA;154;31;782;816;T2;;;967;T2_1511;1511;967;31
1405;159;SETÚBAL;207;28;1170;1210;T2;;;1405;T2_1512;1512;1405;36
140;24;SEVER DO VOUGA;16;1;123;116;T2;;;140;T2_0117;0117;140;0
755;187;SILVES;110;8;637;560;T2;;;755;T2_0813;0813;755;8
519;105;SINES;72;7;440;405;T2;;;519;T2_1513;1513;519;9
2607;115;SINTRA;353;65;2189;2411;T2;;;2607;T2_1111;1111;2607;81
157;23;SOBRAL DE MONTE AGRAÇO;18;3;136;133;T2;;;157;T2_1112;1112;157;1
247;5;SOURE;26;3;218;239;T2;;;247;T2_0615;0615;247;3
135;23;SOUSEL;24;2;109;112;T2;;;135;T2_1215;1215;135;0
212;41;TÁBUA;39;4;169;163;T2;;;212;T2_0616;0616;212;8
176;58;TABUAÇO;18;4;154;111;T2;;;176;T2_1819;1819;176;7
250;46;TAROUCA;22;4;224;200;T2;;;250;T2_1820;1820;250;4
501;50;TAVIRA;93;16;392;433;T2;;;501;T2_0814;0814;501;18
220;9;TERRAS DE BOURO;21;5;194;206;T2;;;220;T2_0310;0310;220;5
589;82;TOMAR;61;10;518;490;T2;;;589;T2_1418;1418;589;17
301;54;TONDELA;62;7;232;247;T2;;;301;T2_1821;1821;301;0
265;57;TORRE DE MONCORVO;29;6;230;206;T2;;;265;T2_0409;0409;265;2
604;121;TORRES NOVAS;66;11;527;472;T2;;;604;T2_1419;1419;604;11
720;64;TORRES VEDRAS;93;13;614;636;T2;;;720;T2_1113;1113;720;20
144;38;TRANCOSO;26;4;114;102;T2;;;144;T2_0913;0913;144;4
348;69;TROFA;54;12;282;267;T2;;;348;T2_1318;1318;348;12
205;9;VAGOS;27;10;168;182;T2;;;205;T2_0118;0118;205;14
247;44;VALE DE CAMBRA;46;7;194;196;T2;;;247;T2_0119;0119;247;7
342;65;VALENÇA;28;3;311;272;T2;;;342;T2_1608;1608;342;5
752;94;VALONGO;100;23;629;658;T2;;;752;T2_1315;1315;752;0
215;55;VALPAÇOS;43;6;166;149;T2;;;215;T2_1712;1712;215;11
92;0;VELAS;1;2;89;89;T2;;;92;T2_4502;4502;92;3
260;61;VENDAS NOVAS;17;3;240;193;T2;;;260;T2_0712;0712;260;6
125;9;VIANA DO ALENTEJO;11;4;110;110;T2;;;125;T2_0713;0713;125;6
834;195;VIANA DO CASTELO;146;26;662;639;T2;;;834;T2_1609;1609;834;0
166;32;VIDIGUEIRA;17;1;148;134;T2;;;166;T2_0214;0214;166;0
134;42;VIEIRA DO MINHO;44;5;85;89;T2;;;134;T2_0311;0311;134;3
127;20;VILA DE REI;13;5;109;105;T2;;;127;T2_0510;0510;127;2
259;55;VILA DO BISPO;31;7;221;202;T2;;;259;T2_0815;0815;259;2
1216;237;VILA DO CONDE;93;8;1115;971;T2;;;1216;T2_1316;1316;1216;8
99;6;VILA DO PORTO;5;1;93;92;T2;;;99;T2_4101;4101;99;1
226;115;VILA FLOR;23;0;203;111;T2;;;226;T2_0410;0410;226;0
924;152;VILA FRANCA DE XIRA;165;24;735;766;T2;;;924;T2_1114;1114;924;6
119;6;VILA FRANCA DO CAMPO;9;2;108;111;T2;;;119;T2_4206;4206;119;2
185;48;VILA NOVA DA BARQUINHA;18;5;162;132;T2;;;185;T2_1420;1420;185;5
260;60;VILA NOVA DE CERVEIRA;46;3;211;197;T2;;;260;T2_1610;1610;260;3
1119;363;VILA NOVA DE FAMALICÃO;322;11;786;745;T2;;;1119;T2_0312;0312;1119;11
156;16;VILA NOVA DE FOZ CÔA;10;1;145;140;T2;;;156;T2_0914;0914;156;0
1654;258;VILA NOVA DE GAIA;210;57;1387;1391;T2;;;1654;T2_1317;1317;1654;5
136;55;VILA NOVA DE PAIVA;19;3;114;77;T2;;;136;T2_1822;1822;136;4
162;20;VILA NOVA DE POIARES;30;2;130;141;T2;;;162;T2_0617;0617;162;1
233;52;VILA POUCA DE AGUIAR;36;6;191;181;T2;;;233;T2_1713;1713;233;0
458;132;VILA REAL;53;15;390;311;T2;;;458;T2_1714;1714;458;15
460;167;VILA REAL DE SANTO ANTÓNIO;87;8;365;292;T2;;;460;T2_0816;0816;460;1
151;19;VILA VELHA DE RÓDÃO;21;2;128;130;T2;;;151;T2_0511;0511;151;2
420;70;VILA VERDE;57;9;354;336;T2;;;420;T2_0313;0313;420;14
174;33;VILA VIÇOSA;11;2;161;139;T2;;;174;T2_0714;0714;174;2
120;5;VIMIOSO;14;5;101;110;T2;;;120;T2_0411;0411;120;5
182;21;VINHAIS;24;4;154;157;T2;;;182;T2_0412;0412;182;4
976;392;VISEU;220;11;745;573;T2;;;976;T2_1823;1823;976;11
275;75;VIZELA;27;2;246;198;T2;;;275;T2_0314;0314;275;2
190;62;VOUZELA;22;1;167;128;T2;;;190;T2_1824;1824;190;0
410;46;ABRANTES;70;13;327;361;T3;;;410;T3_1401;1401;410;3
451;55;ÁGUEDA;62;11;378;396;T3;;;451;T3_0101;0101;451;0
111;11;AGUIAR DA BEIRA;13;3;95;100;T3;;;111;T3_0901;0901;111;0
209;10;ALANDROAL;28;0;181;199;T3;;;209;T3_0701;0701;209;0
292;80;ALBERGARIA-A-VELHA;78;6;208;206;T3;;;292;T3_0102;0102;292;6
1312;139;ALBUFEIRA;159;23;1130;1150;T3;;;1312;T3_0801;0801;1312;23
359;40;ALCÁCER DO SAL;40;2;317;313;T3;;;359;T3_1501;1501;359;6
202;70;ALCANENA;30;2;170;130;T3;;;202;T3_1402;1402;202;2
349;48;ALCOBAÇA;63;17;269;284;T3;;;349;T3_1001;1001;349;17
410;91;ALCOCHETE;73;10;327;309;T3;;;410;T3_1502;1502;410;10
142;2;ALCOUTIM;20;1;121;133;T3;;;142;T3_0802;0802;142;7
646;52;ALENQUER;101;8;537;578;T3;;;646;T3_1101;1101;646;16
149;35;ALFÂNDEGA DA FÉ;21;4;124;110;T3;;;149;T3_0401;0401;149;4
178;19;ALIJÓ;25;7;146;159;T3;;;178;T3_1701;1701;178;0
201;23;ALJEZUR;27;3;171;178;T3;;;201;T3_0803;0803;201;0
170;34;ALJUSTREL;34;2;134;134;T3;;;170;T3_0201;0201;170;2
1508;108;ALMADA;185;59;1264;1333;T3;;;1508;T3_1503;1503;1508;67
138;19;ALMEIDA;36;1;101;118;T3;;;138;T3_0902;0902;138;1
316;46;ALMEIRIM;30;0;286;264;T3;;;316;T3_1403;1403;316;6
221;35;ALMODÔVAR;30;3;188;183;T3;;;221;T3_0202;0202;221;3
191;37;ALPIARÇA;16;1;174;151;T3;;;191;T3_1404;1404;191;3
145;20;ALTER DO CHÃO;21;3;121;125;T3;;;145;T3_1201;1201;145;0
108;13;ALVAIÁZERE;20;2;86;92;T3;;;108;T3_1002;1002;108;3
119;20;ALVITO;10;12;97;87;T3;;;119;T3_0203;0203;119;12
1682;152;AMADORA;212;30;1440;1485;T3;;;1682;T3_1115;1115;1682;45
508;167;AMARANTE;38;11;459;330;T3;;;508;T3_1301;1301;508;11
246;42;AMARES;53;7;186;196;T3;;;246;T3_0301;0301;246;8
208;79;ANADIA;28;6;174;121;T3;;;208;T3_0103;0103;208;8
226;23;ANGRA DO HEROÍSMO;22;6;198;201;T3;;;226;T3_4301;4301;226;2
138;19;ANSIÃO;18;2;118;118;T3;;;138;T3_1003;1003;138;1
328;98;ARCOS DE VALDEVEZ;34;1;293;226;T3;;;328;T3_1601;1601;328;4
222;23;ARGANIL;27;0;195;199;T3;;;222;T3_0601;0601;222;0
211;47;ARMAMAR;44;3;164;164;T3;;;211;T3_1801;1801;211;0
199;32;AROUCA;20;5;174;162;T3;;;199;T3_0104;0104;199;5
146;5;ARRAIOLOS;12;2;132;137;T3;;;146;T3_0702;0702;146;4
105;23;ARRONCHES;12;1;92;82;T3;;;105;T3_1202;1202;105;0
250;62;ARRUDA DOS VINHOS;46;5;199;188;T3;;;250;T3_1102;1102;250;0
550;22;AVEIRO;101;38;411;525;T3;;;550;T3_0105;0105;550;3
209;18;AVIS;38;4;167;187;T3;;;209;T3_1203;1203;209;4
356;19;AZAMBUJA;48;12;296;319;T3;;;356;T3_1103;1103;356;18
337;30;BAIÃO;54;1;282;297;T3;;;337;T3_1302;1302;337;10
690;148;BARCELOS;133;20;537;522;T3;;;690;T3_0302;0302;690;20
104;20;BARRANCOS;11;3;90;81;T3;;;104;T3_0204;0204;104;3
801;115;BARREIRO;136;32;633;654;T3;;;801;T3_1504;1504;801;32
100;19;BATALHA;26;4;70;77;T3;;;100;T3_1004;1004;100;4
552;59;BEJA;50;17;485;492;T3;;;552;T3_0205;0205;552;1
65;16;BELMONTE;15;2;48;47;T3;;;65;T3_0501;0501;65;2
394;21;BENAVENTE;54;5;335;364;T3;;;394;T3_1405;1405;394;9
231;74;BOMBARRAL;29;4;198;157;T3;;;231;T3_1005;1005;231;0
230;59;BORBA;24;1;205;171;T3;;;230;T3_0703;0703;230;0
134;19;BOTICAS;21;6;107;108;T3;;;134;T3_1702;1702;134;7
1769;242;BRAGA;302;29;1438;1482;T3;;;1769;T3_0303;0303;1769;45
360;15;BRAGANÇA;34;11;315;334;T3;;;360;T3_0402;0402;360;11
290;27;CABECEIRAS DE BASTO;16;6;268;257;T3;;;290;T3_0304;0304;290;6
221;58;CADAVAL;28;4;189;158;T3;;;221;T3_1104;1104;221;5
328;48;CALDAS DA RAINHA;29;2;297;270;T3;;;328;T3_1006;1006;328;10
135;4;CALHETA (MADEIRA);11;0;124;131;T3;;;135;T3_3101;3101;135;0
117;0;CALHETA (SÃO JORGE);1;4;112;114;T3;;;117;T3_4501;4501;117;3
256;1;CÂMARA DE LOBOS;14;7;235;248;T3;;;256;T3_3102;3102;256;7
292;68;CAMINHA;53;4;235;219;T3;;;292;T3_1602;1602;292;5
234;72;CAMPO MAIOR;23;2;209;160;T3;;;234;T3_1204;1204;234;2
349;108;CANTANHEDE;88;16;245;239;T3;;;349;T3_0602;0602;349;2
173;11;CARRAZEDA DE ANSIÃES;11;3;159;158;T3;;;173;T3_0403;0403;173;4
122;10;CARREGAL DO SAL;21;3;98;112;T3;;;122;T3_1802;1802;122;0
458;101;CARTAXO;54;1;403;355;T3;;;458;T3_1406;1406;458;2
1512;153;CASCAIS;374;81;1057;1295;T3;;;1512;T3_1105;1105;1512;64
85;2;CASTANHEIRA DE PÊRA;11;1;73;80;T3;;;85;T3_1007;1007;85;3
531;91;CASTELO BRANCO;110;7;414;433;T3;;;531;T3_0502;0502;531;7
170;0;CASTELO DE PAIVA;22;3;145;164;T3;;;170;T3_0106;0106;170;6
172;24;CASTELO DE VIDE;13;1;158;148;T3;;;172;T3_1205;1205;172;0
300;137;CASTRO DAIRE;42;8;250;157;T3;;;300;T3_1803;1803;300;6
157;30;CASTRO MARIM;25;6;126;118;T3;;;157;T3_0804;0804;157;9
238;61;CASTRO VERDE;39;3;196;174;T3;;;238;T3_0206;0206;238;3
306;62;CELORICO DA BEIRA;52;0;254;243;T3;;;306;T3_0903;0903;306;1
290;50;CELORICO DE BASTO;40;0;250;240;T3;;;290;T3_0305;0305;290;0
162;47;CHAMUSCA;19;0;143;113;T3;;;162;T3_1407;1407;162;2
508;60;CHAVES;73;16;419;427;T3;;;508;T3_1703;1703;508;21
317;69;CINFÃES;41;1;275;245;T3;;;317;T3_1804;1804;317;3
1459;45;COIMBRA;273;50;1136;1349;T3;;;1459;T3_0603;0603;1459;65
184;48;CONDEIXA-A-NOVA;20;4;160;131;T3;;;184;T3_0604;0604;184;5
107;15;CONSTÂNCIA;17;3;87;89;T3;;;107;T3_1408;1408;107;3
419;57;CORUCHE;32;6;381;354;T3;;;419;T3_1409;1409;419;8
40;12;CORVO;1;0;39;28;T3;;;40;T3_4901;4901;40;0
353;14;COVILHÃ;35;5;313;334;T3;;;353;T3_0503;0503;353;5
120;12;CRATO;12;0;108;107;T3;;;120;T3_1206;1206;120;1
149;29;CUBA;19;1;129;119;T3;;;149;T3_0207;0207;149;1
251;48;ELVAS;17;4;230;199;T3;;;251;T3_1207;1207;251;4
303;17;ENTRONCAMENTO;28;6;269;280;T3;;;303;T3_1410;1410;303;6
626;102;ESPINHO;45;15;566;504;T3;;;626;T3_0107;0107;626;20
169;17;ESPOSENDE;56;7;106;144;T3;;;169;T3_0306;0306;169;8
240;43;ESTARREJA;56;9;175;188;T3;;;240;T3_0108;0108;240;9
288;95;ESTREMOZ;43;0;245;193;T3;;;288;T3_0704;0704;288;0
1168;266;ÉVORA;160;30;978;872;T3;;;1168;T3_0705;0705;1168;30
522;58;FAFE;86;11;425;453;T3;;;522;T3_0307;0307;522;11
950;124;FARO;201;25;724;820;T3;;;950;T3_0805;0805;950;6
711;91;FELGUEIRAS;62;15;634;606;T3;;;711;T3_1303;1303;711;14
280;58;FERREIRA DO ALENTEJO;42;3;235;214;T3;;;280;T3_0208;0208;280;8
154;20;FERREIRA DO ZÊZERE;27;2;125;127;T3;;;154;T3_1411;1411;154;7
608;72;FIGUEIRA DA FOZ;77;18;513;518;T3;;;608;T3_0605;0605;608;18
137;4;FIGUEIRA DE CASTELO RODRIGO;19;0;118;129;T3;;;137;T3_0904;0904;137;4
199;50;FIGUEIRÓ DOS VINHOS;44;1;154;148;T3;;;199;T3_1008;1008;199;1
112;6;FORNOS DE ALGODRES;16;1;95;106;T3;;;112;T3_0905;0905;112;0
179;27;FREIXO DE ESPADA À CINTA;16;2;161;150;T3;;;179;T3_0404;0404;179;2
93;11;FRONTEIRA;11;2;80;82;T3;;;93;T3_1208;1208;93;0
1767;7;FUNCHAL;103;59;1605;1692;T3;;;1767;T3_3103;3103;1767;68
278;18;FUNDÃO;53;10;215;250;T3;;;278;T3_0504;0504;278;10
138;16;GAVIÃO;9;2;127;121;T3;;;138;T3_1209;1209;138;1
159;11;GÓIS;22;0;137;145;T3;;;159;T3_0606;0606;159;3
149;72;GOLEGÃ;8;3;138;76;T3;;;149;T3_1412;1412;149;1
1662;576;GONDOMAR;108;17;1537;1084;T3;;;1662;T3_1304;1304;1662;2
177;30;GOUVEIA;22;2;153;147;T3;;;177;T3_0906;0906;177;0
421;95;GRÂNDOLA;64;9;348;317;T3;;;421;T3_1505;1505;421;9
579;133;GUARDA;132;14;433;439;T3;;;579;T3_0907;0907;579;7
1626;204;GUIMARÃES;228;23;1375;1399;T3;;;1626;T3_0308;0308;1626;23
201;20;HORTA;14;3;184;181;T3;;;201;T3_4701;4701;201;0
266;29;IDANHA-A-NOVA;54;6;206;231;T3;;;266;T3_0505;0505;266;6
423;96;ÍLHAVO;94;7;322;320;T3;;;423;T3_0110;0110;423;7
481;89;LAGOA (ALGARVE);34;3;444;384;T3;;;481;T3_0806;0806;481;8
125;7;LAGOA (SÃO MIGUEL);10;1;114;117;T3;;;125;T3_4201;4201;125;1
790;48;LAGOS;86;20;684;716;T3;;;790;T3_0807;0807;790;26
43;0;LAJES DAS FLORES;3;0;40;43;T3;;;43;T3_4801;4801;43;0
78;1;LAJES DO PICO;4;2;72;75;T3;;;78;T3_4601;4601;78;2
295;82;LAMEGO;67;7;221;212;T3;;;295;T3_1805;1805;295;1
746;44;LEIRIA;120;28;598;674;T3;;;746;T3_1009;1009;746;28
9943;262;LISBOA;2215;177;7551;9665;T3;;;9943;T3_1106;1106;9943;16
1752;341;LOULÉ;157;39;1556;1376;T3;;;1752;T3_0808;0808;1752;35
2203;15;LOURES;409;43;1751;2131;T3;;;2203;T3_1107;1107;2203;57
371;32;LOURINHÃ;47;5;319;333;T3;;;371;T3_1108;1108;371;6
264;42;LOUSÃ;45;3;216;221;T3;;;264;T3_0607;0607;264;1
726;225;LOUSADA;95;11;620;486;T3;;;726;T3_1305;1305;726;15
218;41;MAÇÃO;24;1;193;174;T3;;;218;T3_1413;1413;218;3
312;62;MACEDO DE CAVALEIROS;63;9;240;239;T3;;;312;T3_0405;0405;312;11
206;6;MACHICO;19;4;183;198;T3;;;206;T3_3104;3104;206;2
92;9;MADALENA;11;2;79;81;T3;;;92;T3_4602;4602;92;2
977;108;MAFRA;103;14;860;847;T3;;;977;T3_1109;1109;977;22
1105;336;MAIA;275;40;790;766;T3;;;1105;T3_1306;1306;1105;3
334;72;MANGUALDE;33;3;298;262;T3;;;334;T3_1806;1806;334;0
91;20;MANTEIGAS;10;6;75;71;T3;;;91;T3_0908;0908;91;0
439;41;MARCO DE CANAVESES;52;11;376;383;T3;;;439;T3_1307;1307;439;15
310;8;MARINHA GRANDE;55;10;245;290;T3;;;310;T3_1010;1010;310;12
116;13;MARVÃO;15;2;99;101;T3;;;116;T3_1210;1210;116;2
1784;191;MATOSINHOS;386;52;1346;1587;T3;;;1784;T3_1308;1308;1784;6
329;84;MEALHADA;79;6;244;239;T3;;;329;T3_0111;0111;329;6
179;49;MEDA;38;1;140;130;T3;;;179;T3_0909;0909;179;0
317;87;MELGAÇO;62;6;249;230;T3;;;317;T3_1603;1603;317;0
289;31;MÉRTOLA;33;6;250;252;T3;;;289;T3_0209;0209;289;6
129;13;MESÃO FRIO;9;3;117;112;T3;;;129;T3_1704;1704;129;4
236;42;MIRA;35;5;196;187;T3;;;236;T3_0608;0608;236;7
167;46;MIRANDA DO CORVO;34;0;133;121;T3;;;167;T3_0609;0609;167;0
217;57;MIRANDA DO DOURO;35;3;179;157;T3;;;217;T3_0406;0406;217;3
479;89;MIRANDELA;75;13;391;378;T3;;;479;T3_0407;0407;479;12
167;22;MOGADOURO;16;5;146;140;T3;;;167;T3_0408;0408;167;5
128;8;MOIMENTA DA BEIRA;18;6;104;114;T3;;;128;T3_1807;1807;128;6
815;73;MOITA;85;24;706;719;T3;;;815;T3_1506;1506;815;23
279;45;MONÇÃO;26;4;249;227;T3;;;279;T3_1604;1604;279;7
222;63;MONCHIQUE;24;4;194;157;T3;;;222;T3_0809;0809;222;2
171;14;MONDIM DE BASTO;30;7;134;150;T3;;;171;T3_1705;1705;171;7
164;28;MONFORTE;24;0;140;133;T3;;;164;T3_1211;1211;164;3
275;28;MONTALEGRE;18;3;254;247;T3;;;275;T3_1706;1706;275;0
386;83;MONTEMOR-O-NOVO;57;8;321;303;T3;;;386;T3_0706;0706;386;0
277;96;MONTEMOR-O-VELHO;91;4;182;173;T3;;;277;T3_0610;0610;277;8
894;259;MONTIJO;117;13;764;617;T3;;;894;T3_1507;1507;894;18
138;35;MORA;16;1;121;103;T3;;;138;T3_0707;0707;138;0
179;47;MORTÁGUA;17;2;160;127;T3;;;179;T3_1808;1808;179;5
364;49;MOURA;36;6;322;307;T3;;;364;T3_0210;0210;364;8
199;21;MOURÃO;16;0;183;178;T3;;;199;T3_0708;0708;199;0
159;48;MURÇA;21;4;134;107;T3;;;159;T3_1707;1707;159;4
92;3;MURTOSA;14;3;75;84;T3;;;92;T3_0112;0112;92;5
360;188;NAZARÉ;77;3;280;172;T3;;;360;T3_1011;1011;360;0
307;116;NELAS;20;1;286;190;T3;;;307;T3_1809;1809;307;1
269;37;NISA;40;2;227;230;T3;;;269;T3_1212;1212;269;2
91;8;NORDESTE;5;1;85;82;T3;;;91;T3_4202;4202;91;1
356;44;ÓBIDOS;60;3;293;308;T3;;;356;T3_1012;1012;356;4
579;118;ODEMIRA;69;9;501;450;T3;;;579;T3_0211;0211;579;11
1221;95;ODIVELAS;278;42;901;1125;T3;;;1221;T3_1116;1116;1221;1
1847;521;OEIRAS;354;48;1445;1276;T3;;;1847;T3_1110;1110;1847;50
123;16;OLEIROS;21;0;102;107;T3;;;123;T3_0506;0506;123;0
803;200;OLHÃO;81;16;706;586;T3;;;803;T3_0810;0810;803;17
581;37;OLIVEIRA DE AZEMÉIS;106;19;456;543;T3;;;581;T3_0113;0113;581;1
184;61;OLIVEIRA DE FRADES;39;1;144;123;T3;;;184;T3_1810;1810;184;0
269;42;OLIVEIRA DO BAIRRO;66;6;197;216;T3;;;269;T3_0114;0114;269;11
282;91;OLIVEIRA DO HOSPITAL;52;2;228;191;T3;;;282;T3_0611;0611;282;0
489;72;OURÉM;49;12;428;416;T3;;;489;T3_1421;1421;489;1
289;75;OURIQUE;22;1;266;210;T3;;;289;T3_0212;0212;289;4
458;105;OVAR;54;13;391;340;T3;;;458;T3_0115;0115;458;13
544;110;PAÇOS DE FERREIRA;137;9;398;425;T3;;;544;T3_1309;1309;544;9
1011;45;PALMELA;161;36;814;923;T3;;;1011;T3_1508;1508;1011;43
132;26;PAMPILHOSA DA SERRA;15;1;116;105;T3;;;132;T3_0612;0612;132;1
1021;252;PAREDES;220;8;793;759;T3;;;1021;T3_1310;1310;1021;10
171;6;PAREDES DE COURA;17;3;151;164;T3;;;171;T3_1605;1605;171;1
106;25;PEDRÓGÃO GRANDE;9;1;96;81;T3;;;106;T3_1013;1013;106;0
160;43;PENACOVA;32;2;126;115;T3;;;160;T3_0613;0613;160;2
713;118;PENAFIEL;153;10;550;578;T3;;;713;T3_1311;1311;713;17
119;45;PENALVA DO CASTELO;27;2;90;71;T3;;;119;T3_1811;1811;119;3
115;11;PENAMACOR;17;0;98;104;T3;;;115;T3_0507;0507;115;0
88;6;PENEDONO;10;2;76;80;T3;;;88;T3_1812;1812;88;2
113;24;PENELA;23;2;88;86;T3;;;113;T3_0614;0614;113;3
553;239;PENICHE;110;9;434;312;T3;;;553;T3_1014;1014;553;2
274;67;PESO DA RÉGUA;40;6;228;199;T3;;;274;T3_1708;1708;274;8
131;7;PINHEL;17;1;113;123;T3;;;131;T3_0910;0910;131;1
390;69;POMBAL;40;4;346;313;T3;;;390;T3_1015;1015;390;8
639;27;PONTA DELGADA;33;14;592;594;T3;;;639;T3_4203;4203;639;18
89;1;PONTA DO SOL;9;2;78;86;T3;;;89;T3_3105;3105;89;2
258;19;PONTE DA BARCA;23;3;232;236;T3;;;258;T3_1606;1606;258;3
592;152;PONTE DE LIMA;42;3;547;439;T3;;;592;T3_1607;1607;592;1
307;44;PONTE DE SOR;25;6;276;251;T3;;;307;T3_1213;1213;307;12
680;140;PORTALEGRE;84;10;586;530;T3;;;680;T3_1214;1214;680;10
253;83;PORTEL;27;4;222;170;T3;;;253;T3_0709;0709;253;0
945;128;PORTIMÃO;103;27;815;783;T3;;;945;T3_0811;0811;945;34
2736;231;PORTO;368;70;2298;2474;T3;;;2736;T3_1312;1312;2736;31
337;74;PORTO DE MÓS;24;3;310;260;T3;;;337;T3_1016;1016;337;3
69;2;PORTO MONIZ;1;3;65;67;T3;;;69;T3_3106;3106;69;0
85;5;PORTO SANTO;4;1;80;79;T3;;;85;T3_3201;3201;85;1
179;21;PÓVOA DE LANHOSO;43;7;129;156;T3;;;179;T3_0309;0309;179;2
767;67;PÓVOA DE VARZIM;138;15;614;700;T3;;;767;T3_1313;1313;767;0
112;32;POVOAÇÃO;8;1;103;80;T3;;;112;T3_4204;4204;112;0
194;5;PRAIA DA VITÓRIA;14;6;174;188;T3;;;194;T3_4302;4302;194;1
157;23;PROENÇA-A-NOVA;24;2;131;130;T3;;;157;T3_0508;0508;157;4
243;55;REDONDO;38;3;202;186;T3;;;243;T3_0710;0710;243;2
255;60;REGUENGOS DE MONSARAZ;34;0;221;194;T3;;;255;T3_0711;0711;255;1
273;42;RESENDE;35;4;234;227;T3;;;273;T3_1813;1813;273;4
107;0;RIBEIRA BRAVA;3;3;101;107;T3;;;107;T3_3107;3107;107;0
196;24;RIBEIRA DE PENA;17;3;176;165;T3;;;196;T3_1709;1709;196;7
251;15;RIBEIRA GRANDE;23;4;224;236;T3;;;251;T3_4205;4205;251;0
335;32;RIO MAIOR;31;8;296;295;T3;;;335;T3_1414;1414;335;8
158;11;SABROSA;14;4;140;144;T3;;;158;T3_1710;1710;158;3
173;0;SABUGAL;34;3;136;170;T3;;;173;T3_0911;0911;173;3
232;68;SALVATERRA DE MAGOS;29;11;192;160;T3;;;232;T3_1415;1415;232;4
194;59;SANTA COMBA DÃO;25;0;169;132;T3;;;194;T3_1814;1814;194;3
388;1;SANTA CRUZ;24;3;361;387;T3;;;388;T3_3108;3108;388;0
69;14;SANTA CRUZ DA GRACIOSA;4;0;65;55;T3;;;69;T3_4401;4401;69;0
42;9;SANTA CRUZ DAS FLORES;1;0;41;33;T3;;;42;T3_4802;4802;42;0
1070;369;SANTA MARIA DA FEIRA;367;11;692;701;T3;;;1070;T3_0109;0109;1070;0
144;37;SANTA MARTA DE PENAGUIÃO;24;0;120;107;T3;;;144;T3_1711;1711;144;0
100;0;SANTANA;6;3;91;100;T3;;;100;T3_3109;3109;100;0
855;149;SANTARÉM;126;14;715;698;T3;;;855;T3_1416;1416;855;8
614;97;SANTIAGO DO CACÉM;76;13;525;498;T3;;;614;T3_1509;1509;614;19
727;261;SANTO TIRSO;147;24;556;434;T3;;;727;T3_1314;1314;727;32
276;51;SÃO BRÁS DE ALPORTEL;25;3;248;219;T3;;;276;T3_0812;0812;276;6
293;83;SÃO JOÃO DA MADEIRA;64;8;221;202;T3;;;293;T3_0116;0116;293;8
66;11;SÃO JOÃO DA PESQUEIRA;11;3;52;52;T3;;;66;T3_1815;1815;66;3
448;142;SÃO PEDRO DO SUL;63;5;380;301;T3;;;448;T3_1816;1816;448;5
56;6;SÃO ROQUE DO PICO;5;0;51;49;T3;;;56;T3_4603;4603;56;1
73;0;SÃO VICENTE;4;3;66;70;T3;;;73;T3_3110;3110;73;3
180;18;SARDOAL;11;4;165;158;T3;;;180;T3_1417;1417;180;4
185;44;SÁTÃO;17;3;165;138;T3;;;185;T3_1817;1817;185;3
285;53;SEIA;67;8;210;218;T3;;;285;T3_0912;0912;285;14
1628;121;SEIXAL;250;51;1327;1436;T3;;;1628;T3_1510;1510;1628;71
105;30;SERNANCELHE;16;1;88;72;T3;;;105;T3_1818;1818;105;3
362;80;SERPA;36;8;318;274;T3;;;362;T3_0213;0213;362;8
312;67;SERTÃ;28;2;282;245;T3;;;312;T3_0509;0509;312;0
1019;62;SESIMBRA;160;31;828;926;T3;;;1019;T3_1511;1511;1019;31
1383;151;SETÚBAL;207;26;1150;1198;T3;;;1383;T3_1512;1512;1383;34
140;24;SEVER DO VOUGA;16;1;123;116;T3;;;140;T3_0117;0117;140;0
762;174;SILVES;109;8;645;580;T3;;;762;T3_0813;0813;762;8
529;108;SINES;84;7;438;410;T3;;;529;T3_1513;1513;529;11
2796;35;SINTRA;346;66;2384;2679;T3;;;2796;T3_1111;1111;2796;82
160;18;SOBRAL DE MONTE AGRAÇO;17;3;140;141;T3;;;160;T3_1112;1112;160;1
266;25;SOURE;45;3;218;238;T3;;;266;T3_0615;0615;266;3
142;25;SOUSEL;25;2;115;117;T3;;;142;T3_1215;1215;142;0
209;39;TÁBUA;38;4;167;162;T3;;;209;T3_0616;0616;209;8
172;54;TABUAÇO;17;4;151;110;T3;;;172;T3_1819;1819;172;8
254;47;TAROUCA;24;4;226;202;T3;;;254;T3_1820;1820;254;5
499;45;TAVIRA;93;16;390;436;T3;;;499;T3_0814;0814;499;18
233;20;TERRAS DE BOURO;34;5;194;208;T3;;;233;T3_0310;0310;233;5
582;68;TOMAR;61;10;511;497;T3;;;582;T3_1418;1418;582;17
338;93;TONDELA;105;7;226;245;T3;;;338;T3_1821;1821;338;0
256;51;TORRE DE MONCORVO;30;6;220;203;T3;;;256;T3_0409;0409;256;2
568;83;TORRES NOVAS;66;11;491;474;T3;;;568;T3_1419;1419;568;11
735;81;TORRES VEDRAS;91;13;631;634;T3;;;735;T3_1113;1113;735;20
137;31;TRANCOSO;26;4;107;102;T3;;;137;T3_0913;0913;137;4
341;62;TROFA;52;12;277;267;T3;;;341;T3_1318;1318;341;12
205;9;VAGOS;27;10;168;182;T3;;;205;T3_0118;0118;205;14
216;14;VALE DE CAMBRA;38;7;171;195;T3;;;216;T3_0119;0119;216;7
336;60;VALENÇA;28;2;306;272;T3;;;336;T3_1608;1608;336;4
865;205;VALONGO;203;23;639;660;T3;;;865;T3_1315;1315;865;0
207;51;VALPAÇOS;42;6;159;145;T3;;;207;T3_1712;1712;207;11
92;0;VELAS;1;2;89;89;T3;;;92;T3_4502;4502;92;3
261;65;VENDAS NOVAS;18;3;240;190;T3;;;261;T3_0712;0712;261;6
128;14;VIANA DO ALENTEJO;11;4;113;108;T3;;;128;T3_0713;0713;128;6
878;239;VIANA DO CASTELO;174;27;677;639;T3;;;878;T3_1609;1609;878;0
169;34;VIDIGUEIRA;22;1;146;135;T3;;;169;T3_0214;0214;169;0
137;44;VIEIRA DO MINHO;46;5;86;89;T3;;;137;T3_0311;0311;137;4
130;10;VILA DE REI;13;5;112;118;T3;;;130;T3_0510;0510;130;2
249;50;VILA DO BISPO;31;7;211;197;T3;;;249;T3_0815;0815;249;2
1322;349;VILA DO CONDE;193;8;1121;965;T3;;;1322;T3_1316;1316;1322;8
90;1;VILA DO PORTO;5;1;84;88;T3;;;90;T3_4101;4101;90;1
161;50;VILA FLOR;23;0;138;111;T3;;;161;T3_0410;0410;161;0
912;140;VILA FRANCA DE XIRA;165;24;723;766;T3;;;912;T3_1114;1114;912;6
119;6;VILA FRANCA DO CAMPO;9;2;108;111;T3;;;119;T3_4206;4206;119;2
189;33;VILA NOVA DA BARQUINHA;18;5;166;151;T3;;;189;T3_1420;1420;189;5
260;60;VILA NOVA DE CERVEIRA;46;3;211;197;T3;;;260;T3_1610;1610;260;3
1072;318;VILA NOVA DE FAMALICÃO;410;10;652;744;T3;;;1072;T3_0312;0312;1072;10
160;23;VILA NOVA DE FOZ CÔA;17;1;142;137;T3;;;160;T3_0914;0914;160;0
1872;491;VILA NOVA DE GAIA;359;57;1456;1376;T3;;;1872;T3_1317;1317;1872;5
133;45;VILA NOVA DE PAIVA;19;3;111;84;T3;;;133;T3_1822;1822;133;4
162;20;VILA NOVA DE POIARES;30;2;130;141;T3;;;162;T3_0617;0617;162;1
226;41;VILA POUCA DE AGUIAR;41;6;179;185;T3;;;226;T3_1713;1713;226;0
458;132;VILA REAL;53;15;390;311;T3;;;458;T3_1714;1714;458;15
486;195;VILA REAL DE SANTO ANTÓNIO;85;8;393;290;T3;;;486;T3_0816;0816;486;1
147;10;VILA VELHA DE RÓDÃO;21;2;124;135;T3;;;147;T3_0511;0511;147;2
424;73;VILA VERDE;59;9;356;337;T3;;;424;T3_0313;0313;424;14
175;35;VILA VIÇOSA;11;2;162;138;T3;;;175;T3_0714;0714;175;2
124;10;VIMIOSO;18;5;101;109;T3;;;124;T3_0411;0411;124;5
197;36;VINHAIS;32;4;161;157;T3;;;197;T3_0412;0412;197;4
950;371;VISEU;205;11;734;568;T3;;;950;T3_1823;1823;950;11
312;107;VIZELA;59;2;251;203;T3;;;312;T3_0314;0314;312;2
177;49;VOUZELA;34;1;142;128;T3;;;177;T3_1824;1824;177;0
411;41;ABRANTES;70;13;324;363;T4;4;4;411;T4_1401;1401;411;3
440;54;ÁGUEDA;61;10;365;382;T4;4;4;440;T4_0101;0101;440;0
115;10;AGUIAR DA BEIRA;15;3;94;102;T4;3;3;115;T4_0901;0901;115;0
209;10;ALANDROAL;28;0;178;196;T4;3;3;209;T4_0701;0701;209;0
302;81;ALBERGARIA-A-VELHA;83;6;210;212;T4;3;3;302;T4_0102;0102;302;6
1352;70;ALBUFEIRA;188;23;1135;1253;T4;6;6;1352;T4_0801;0801;1352;23
365;29;ALCÁCER DO SAL;41;2;318;326;T4;4;4;365;T4_1501;1501;365;6
195;59;ALCANENA;30;2;159;130;T4;4;4;195;T4_1402;1402;195;2
348;45;ALCOBAÇA;70;10;264;289;T4;4;4;348;T4_1001;1001;348;10
421;23;ALCOCHETE;73;10;333;383;T4;5;5;421;T4_1502;1502;421;10
150;5;ALCOUTIM;21;1;125;135;T4;3;3;150;T4_0802;0802;150;7
647;47;ALENQUER;102;7;535;582;T4;3;3;647;T4_1101;1101;647;15
159;33;ALFÂNDEGA DA FÉ;22;4;130;119;T4;3;3;159;T4_0401;0401;159;4
198;32;ALIJÓ;37;7;150;162;T4;4;4;198;T4_1701;1701;198;0
204;23;ALJEZUR;26;3;171;177;T4;4;4;204;T4_0803;0803;204;0
175;36;ALJUSTREL;36;2;134;134;T4;3;3;175;T4_0201;0201;175;2
1517;106;ALMADA;193;58;1261;1340;T4;5;5;1517;T4_1503;1503;1517;66
142;17;ALMEIDA;36;2;101;120;T4;3;3;142;T4_0902;0902;142;2
319;44;ALMEIRIM;30;0;285;265;T4;4;4;319;T4_1403;1403;319;6
230;26;ALMODÔVAR;33;3;191;198;T4;3;3;230;T4_0202;0202;230;3
196;37;ALPIARÇA;16;1;176;153;T4;3;3;196;T4_1404;1404;196;3
158;18;ALTER DO CHÃO;23;3;129;137;T4;3;3;158;T4_1201;1201;158;0
114;8;ALVAIÁZERE;19;2;90;100;T4;3;3;114;T4_1002;1002;114;3
121;20;ALVITO;10;12;97;87;T4;2;2;121;T4_0203;0203;121;12
1684;153;AMADORA;213;29;1435;1480;T4;7;7;1684;T4_1115;1115;1684;44
631;137;AMARANTE;128;11;487;478;T4;5;5;631;T4_1301;1301;631;11
266;51;AMARES;54;7;202;204;T4;3;3;266;T4_0301;0301;266;8
205;75;ANADIA;28;6;167;118;T4;4;4;205;T4_0103;0103;205;8
225;18;ANGRA DO HEROÍSMO;23;6;194;203;T4;2;2;225;T4_4301;4301;225;2
138;18;ANSIÃO;18;2;115;116;T4;3;3;138;T4_1003;1003;138;1
332;76;ARCOS DE VALDEVEZ;35;1;292;248;T4;4;4;332;T4_1601;1601;332;4
228;25;ARGANIL;26;0;198;199;T4;4;4;228;T4_0601;0601;228;0
214;47;ARMAMAR;44;3;164;164;T4;3;3;214;T4_1801;1801;214;0
210;24;AROUCA;24;5;177;177;T4;4;4;210;T4_0104;0104;210;5
146;3;ARRAIOLOS;10;2;130;135;T4;4;4;146;T4_0702;0702;146;4
106;22;ARRONCHES;12;1;90;81;T4;3;3;106;T4_1202;1202;106;0
255;60;ARRUDA DOS VINHOS;46;5;201;192;T4;3;3;255;T4_1102;1102;255;0
551;21;AVEIRO;100;38;408;522;T4;5;5;551;T4_0105;0105;551;3
209;16;AVIS;41;4;161;186;T4;3;3;209;T4_1203;1203;209;4
363;14;AZAMBUJA;48;12;298;326;T4;5;5;363;T4_1103;1103;363;18
339;29;BAIÃO;59;1;274;295;T4;5;5;339;T4_1302;1302;339;10
688;149;BARCELOS;135;17;530;516;T4;6;6;688;T4_0302;0302;688;17
106;19;BARRANCOS;10;3;90;81;T4;3;3;106;T4_0204;0204;106;3
826;123;BARREIRO;139;32;648;664;T4;7;7;826;T4_1504;1504;826;32
104;18;BATALHA;27;4;70;79;T4;3;3;104;T4_1004;1004;104;4
545;45;BEJA;52;14;475;496;T4;4;4;545;T4_0205;0205;545;0
65;14;BELMONTE;15;2;46;47;T4;2;2;65;T4_0501;0501;65;2
393;19;BENAVENTE;54;4;330;361;T4;5;5;393;T4_1405;1405;393;8
231;73;BOMBARRAL;29;4;196;156;T4;2;2;231;T4_1005;1005;231;0
232;62;BORBA;24;1;204;167;T4;3;3;232;T4_0703;0703;232;0
139;19;BOTICAS;22;6;106;108;T4;5;5;139;T4_1702;1702;139;7
1777;229;BRAGA;302;29;1440;1497;T4;6;6;1777;T4_0303;0303;1777;45
371;14;BRAGANÇA;34;11;322;342;T4;4;4;371;T4_0402;0402;371;11
296;16;CABECEIRAS DE BASTO;16;6;272;272;T4;2;2;296;T4_0304;0304;296;6
223;50;CADAVAL;28;4;188;165;T4;3;3;223;T4_1104;1104;223;5
323;41;CALDAS DA RAINHA;29;2;289;269;T4;3;3;323;T4_1006;1006;323;10
137;4;CALHETA (MADEIRA);11;0;122;129;T4;4;4;137;T4_3101;3101;137;0
119;0;CALHETA (SÃO JORGE);1;4;111;113;T4;3;3;119;T4_4501;4501;119;3
262;1;CÂMARA DE LOBOS;16;7;235;250;T4;4;4;262;T4_3102;3102;262;7
304;74;CAMINHA;56;4;240;221;T4;4;4;304;T4_1602;1602;304;5
247;76;CAMPO MAIOR;29;2;213;166;T4;3;3;247;T4_1204;1204;247;2
320;84;CANTANHEDE;60;16;241;231;T4;3;3;320;T4_0602;0602;320;2
181;17;CARRAZEDA DE ANSIÃES;19;3;157;158;T4;2;2;181;T4_0403;0403;181;4
125;9;CARREGAL DO SAL;20;3;98;112;T4;4;4;125;T4_1802;1802;125;0
448;82;CARTAXO;51;1;392;360;T4;4;4;448;T4_1406;1406;448;2
1546;159;CASCAIS;380;81;1076;1314;T4;9;9;1546;T4_1105;1105;1546;64
86;2;CASTANHEIRA DE PÊRA;11;1;71;78;T4;3;3;86;T4_1007;1007;86;3
527;92;CASTELO BRANCO;111;7;402;421;T4;7;7;527;T4_0502;0502;527;7
172;0;CASTELO DE PAIVA;22;3;144;163;T4;3;3;172;T4_0106;0106;172;6
174;25;CASTELO DE VIDE;13;1;157;146;T4;3;3;174;T4_1205;1205;174;0
256;88;CASTRO DAIRE;42;8;202;158;T4;4;4;256;T4_1803;1803;256;6
159;28;CASTRO MARIM;27;6;123;119;T4;3;3;159;T4_0804;0804;159;9
237;60;CASTRO VERDE;40;3;191;171;T4;3;3;237;T4_0206;0206;237;3
306;60;CELORICO DA BEIRA;51;0;252;242;T4;3;3;306;T4_0903;0903;306;1
305;44;CELORICO DE BASTO;59;0;243;258;T4;3;3;305;T4_0305;0305;305;0
164;47;CHAMUSCA;18;0;143;112;T4;3;3;164;T4_1407;1407;164;2
508;60;CHAVES;73;16;415;423;T4;4;4;508;T4_1703;1703;508;21
324;73;CINFÃES;46;1;274;245;T4;3;3;324;T4_1804;1804;324;3
1461;39;COIMBRA;279;52;1123;1351;T4;7;7;1461;T4_0603;0603;1461;64
220;66;CONDEIXA-A-NOVA;21;4;192;146;T4;3;3;220;T4_0604;0604;220;5
115;14;CONSTÂNCIA;19;3;90;95;T4;3;3;115;T4_1408;1408;115;3
424;27;CORUCHE;35;6;379;385;T4;4;4;424;T4_1409;1409;424;8
42;13;CORVO;1;0;39;27;T4;2;2;42;T4_4901;4901;42;0
357;15;COVILHÃ;35;5;313;333;T4;4;4;357;T4_0503;0503;357;5
118;10;CRATO;10;0;106;105;T4;2;2;118;T4_1206;1206;118;1
157;31;CUBA;19;1;134;122;T4;3;3;157;T4_0207;0207;157;1
253;47;ELVAS;16;4;227;196;T4;6;6;253;T4_1207;1207;253;4
302;13;ENTRONCAMENTO;28;6;265;280;T4;3;3;302;T4_1410;1410;302;6
656;132;ESPINHO;82;15;555;500;T4;4;4;656;T4_0107;0107;656;20
170;13;ESPOSENDE;54;7;104;144;T4;5;5;170;T4_0306;0306;170;8
250;38;ESTARREJA;57;9;179;198;T4;5;5;250;T4_0108;0108;250;9
288;91;ESTREMOZ;42;0;242;193;T4;4;4;288;T4_0704;0704;288;0
1207;226;ÉVORA;163;30;1011;948;T4;3;3;1207;T4_0705;0705;1207;30
523;57;FAFE;88;11;420;451;T4;4;4;523;T4_0307;0307;523;11
928;98;FARO;189;25;709;819;T4;5;5;928;T4_0805;0805;928;6
776;153;FELGUEIRAS;134;9;630;612;T4;3;3;776;T4_1303;1303;776;8
276;50;FERREIRA DO ALENTEJO;44;4;225;214;T4;3;3;276;T4_0208;0208;276;9
149;14;FERREIRA DO ZÊZERE;28;2;116;125;T4;3;3;149;T4_1411;1411;149;7
584;54;FIGUEIRA DA FOZ;87;5;488;521;T4;4;4;584;T4_0605;0605;584;5
137;4;FIGUEIRA DE CASTELO RODRIGO;19;0;115;126;T4;3;3;137;T4_0904;0904;137;4
194;46;FIGUEIRÓ DOS VINHOS;40;1;151;145;T4;2;2;194;T4_1008;1008;194;1
114;6;FORNOS DE ALGODRES;16;1;95;106;T4;2;2;114;T4_0905;0905;114;0
186;21;FREIXO DE ESPADA À CINTA;16;2;165;160;T4;3;3;186;T4_0404;0404;186;2
96;12;FRONTEIRA;12;2;79;81;T4;3;3;96;T4_1208;1208;96;0
1750;4;FUNCHAL;104;59;1581;1672;T4;6;6;1750;T4_3103;3103;1750;68
276;12;FUNDÃO;53;10;210;251;T4;3;3;276;T4_0504;0504;276;10
137;15;GAVIÃO;9;2;123;118;T4;3;3;137;T4_1209;1209;137;1
162;12;GÓIS;24;1;134;143;T4;3;3;162;T4_0606;0606;162;4
151;64;GOLEGÃ;10;3;134;82;T4;4;4;151;T4_1412;1412;151;1
1860;771;GONDOMAR;295;17;1542;1081;T4;6;6;1860;T4_1304;1304;1860;2
189;20;GOUVEIA;21;2;162;165;T4;4;4;189;T4_0906;0906;189;0
432;95;GRÂNDOLA;64;9;355;324;T4;4;4;432;T4_1505;1505;432;9
601;60;GUARDA;144;14;438;529;T4;5;5;601;T4_0907;0907;601;7
1644;230;GUIMARÃES;252;22;1364;1386;T4;6;6;1644;T4_0308;0308;1644;22
202;18;HORTA;15;3;181;181;T4;3;3;202;T4_4701;4701;202;0
271;29;IDANHA-A-NOVA;54;6;206;231;T4;5;5;271;T4_0505;0505;271;6
414;88;ÍLHAVO;92;7;310;314;T4;5;5;414;T4_0110;0110;414;7
493;90;LAGOA (ALGARVE);33;3;453;391;T4;4;4;493;T4_0806;0806;493;8
127;5;LAGOA (SÃO MIGUEL);10;1;114;119;T4;2;2;127;T4_4201;4201;127;1
799;43;LAGOS;86;20;689;726;T4;4;4;799;T4_0807;0807;799;26
50;0;LAJES DAS FLORES;3;0;44;47;T4;3;3;50;T4_4801;4801;50;0
82;1;LAJES DO PICO;4;2;73;76;T4;3;3;82;T4_4601;4601;82;2
279;63;LAMEGO;62;7;204;209;T4;6;6;279;T4_1805;1805;279;1
743;37;LEIRIA;120;28;590;673;T4;5;5;743;T4_1009;1009;743;28
9992;266;LISBOA;2191;177;7615;9701;T4;9;9;9992;T4_1106;1106;9992;16
1834;409;LOULÉ;231;38;1559;1385;T4;6;6;1834;T4_0808;0808;1834;34
2212;16;LOURES;417;43;1746;2133;T4;6;6;2212;T4_1107;1107;2212;57
373;23;LOURINHÃ;41;5;323;339;T4;4;4;373;T4_1108;1108;373;7
264;39;LOUSÃ;47;3;210;220;T4;4;4;264;T4_0607;0607;264;1
746;222;LOUSADA;107;11;624;505;T4;4;4;746;T4_1305;1305;746;15
212;30;MAÇÃO;25;1;183;176;T4;3;3;212;T4_1413;1413;212;3
316;47;MACEDO DE CAVALEIROS;68;9;235;254;T4;4;4;316;T4_0405;0405;316;11
211;6;MACHICO;19;5;183;199;T4;4;4;211;T4_3104;3104;211;2
93;9;MADALENA;11;2;78;80;T4;2;2;93;T4_4602;4602;93;2
1018;113;MAFRA;108;14;891;878;T4;5;5;1018;T4_1109;1109;1018;22
1162;387;MAIA;281;40;833;764;T4;8;8;1162;T4_1306;1306;1162;3
326;61;MANGUALDE;33;3;286;261;T4;4;4;326;T4_1806;1806;326;0
92;20;MANTEIGAS;10;6;74;70;T4;2;2;92;T4_0908;0908;92;0
442;42;MARCO DE CANAVESES;53;11;374;381;T4;4;4;442;T4_1307;1307;442;15
306;6;MARINHA GRANDE;53;9;241;286;T4;3;3;306;T4_1010;1010;306;11
116;10;MARVÃO;15;2;96;101;T4;3;3;116;T4_1210;1210;116;2
1790;183;MATOSINHOS;401;50;1333;1595;T4;6;6;1790;T4_1308;1308;1790;6
337;85;MEALHADA;81;6;246;242;T4;4;4;337;T4_0111;0111;337;6
183;41;MEDA;39;1;140;139;T4;3;3;183;T4_0909;0909;183;0
320;87;MELGAÇO;62;6;249;230;T4;3;3;320;T4_1603;1603;320;0
288;25;MÉRTOLA;33;6;246;254;T4;3;3;288;T4_0209;0209;288;6
137;20;MESÃO FRIO;16;3;116;111;T4;2;2;137;T4_1704;1704;137;4
242;30;MIRA;28;5;205;201;T4;4;4;242;T4_0608;0608;242;7
166;38;MIRANDA DO CORVO;32;0;131;125;T4;3;3;166;T4_0609;0609;166;0
204;42;MIRANDA DO DOURO;31;3;167;156;T4;3;3;204;T4_0406;0406;204;3
478;89;MIRANDELA;74;13;388;374;T4;3;3;478;T4_0407;0407;478;12
167;21;MOGADOURO;15;5;143;137;T4;4;4;167;T4_0408;0408;167;5
155;15;MOIMENTA DA BEIRA;38;6;107;130;T4;4;4;155;T4_1807;1807;155;6
827;71;MOITA;86;24;712;728;T4;5;5;827;T4_1506;1506;827;23
304;35;MONÇÃO;48;4;249;259;T4;3;3;304;T4_1604;1604;304;7
234;75;MONCHIQUE;26;4;201;154;T4;3;3;234;T4_0809;0809;234;2
170;13;MONDIM DE BASTO;30;4;134;155;T4;2;2;170;T4_1705;1705;170;0
161;20;MONFORTE;24;0;134;135;T4;3;3;161;T4_1211;1211;161;3
279;17;MONTALEGRE;18;3;255;259;T4;3;3;279;T4_1706;1706;279;0
366;58;MONTEMOR-O-NOVO;55;8;299;304;T4;4;4;366;T4_0706;0706;366;0
277;100;MONTEMOR-O-VELHO;95;3;176;167;T4;3;3;277;T4_0610;0610;277;7
882;243;MONTIJO;121;9;748;621;T4;4;4;882;T4_1507;1507;882;14
140;35;MORA;16;1;120;102;T4;3;3;140;T4_0707;0707;140;0
182;42;MORTÁGUA;18;2;158;132;T4;4;4;182;T4_1808;1808;182;4
361;31;MOURA;35;6;317;319;T4;3;3;361;T4_0210;0210;361;8
195;16;MOURÃO;15;0;177;176;T4;3;3;195;T4_0708;0708;195;0
163;49;MURÇA;21;4;135;107;T4;3;3;163;T4_1707;1707;163;4
93;3;MURTOSA;14;3;74;83;T4;2;2;93;T4_0112;0112;93;5
367;190;NAZARÉ;84;3;275;172;T4;5;5;367;T4_1011;1011;367;0
337;137;NELAS;38;1;294;195;T4;4;4;337;T4_1809;1809;337;1
262;26;NISA;39;1;220;233;T4;2;2;262;T4_1212;1212;262;1
92;5;NORDESTE;5;0;84;84;T4;3;3;92;T4_4202;4202;92;0
356;43;ÓBIDOS;59;3;289;304;T4;5;5;356;T4_1012;1012;356;4
576;116;ODEMIRA;67;7;498;447;T4;4;4;576;T4_0211;0211;576;9
1220;97;ODIVELAS;277;42;894;1115;T4;7;7;1220;T4_1116;1116;1220;1
1824;518;OEIRAS;350;48;1419;1249;T4;7;7;1824;T4_1110;1110;1824;50
124;16;OLEIROS;21;0;101;106;T4;2;2;124;T4_0506;0506;124;0
823;217;OLHÃO;88;16;715;585;T4;4;4;823;T4_0810;0810;823;17
583;36;OLIVEIRA DE AZEMÉIS;110;20;448;541;T4;5;5;583;T4_0113;0113;583;1
197;71;OLIVEIRA DE FRADES;41;1;152;123;T4;3;3;197;T4_1810;1810;197;0
274;43;OLIVEIRA DO BAIRRO;65;15;190;208;T4;4;4;274;T4_0114;0114;274;19
283;85;OLIVEIRA DO HOSPITAL;51;2;227;195;T4;3;3;283;T4_0611;0611;283;0
485;68;OURÉM;49;12;420;412;T4;4;4;485;T4_1421;1421;485;1
289;72;OURIQUE;24;1;260;209;T4;4;4;289;T4_0212;0212;289;4
458;104;OVAR;54;13;387;337;T4;4;4;458;T4_0115;0115;458;13
524;90;PAÇOS DE FERREIRA;108;9;403;421;T4;4;4;524;T4_1309;1309;524;9
1006;22;PALMELA;160;36;805;936;T4;5;5;1006;T4_1508;1508;1006;43
149;15;PAMPILHOSA DA SERRA;21;1;125;131;T4;2;2;149;T4_0612;0612;149;1
1009;236;PAREDES;216;8;780;758;T4;5;5;1009;T4_1310;1310;1009;10
175;4;PAREDES DE COURA;17;3;152;167;T4;3;3;175;T4_1605;1605;175;1
121;33;PEDRÓGÃO GRANDE;9;1;107;84;T4;4;4;121;T4_1013;1013;121;0
160;37;PENACOVA;34;2;120;117;T4;4;4;160;T4_0613;0613;160;2
717;106;PENAFIEL;156;10;545;588;T4;6;6;717;T4_1311;1311;717;17
123;45;PENALVA DO CASTELO;27;2;91;72;T4;3;3;123;T4_1811;1811;123;3
115;8;PENAMACOR;17;0;95;104;T4;3;3;115;T4_0507;0507;115;0
92;6;PENEDONO;10;2;77;81;T4;3;3;92;T4_1812;1812;92;2
115;23;PENELA;24;2;86;86;T4;3;3;115;T4_0614;0614;115;3
514;201;PENICHE;104;9;397;307;T4;4;4;514;T4_1014;1014;514;2
314;78;PESO DA RÉGUA;41;6;264;225;T4;3;3;314;T4_1708;1708;314;8
142;6;PINHEL;22;1;116;132;T4;3;3;142;T4_0910;0910;142;1
388;66;POMBAL;39;4;339;307;T4;6;6;388;T4_1015;1015;388;9
645;28;PONTA DELGADA;34;14;592;594;T4;5;5;645;T4_4203;4203;645;18
91;1;PONTA DO SOL;8;2;77;84;T4;4;4;91;T4_3105;3105;91;2
268;12;PONTE DA BARCA;25;2;238;249;T4;3;3;268;T4_1606;1606;268;4
601;155;PONTE DE LIMA;42;3;551;440;T4;5;5;601;T4_1607;1607;601;1
294;30;PONTE DE SOR;25;6;259;248;T4;4;4;294;T4_1213;1213;294;12
431;100;PORTALEGRE;121;11;296;317;T4;3;3;431;T4_1214;1214;431;11
259;86;PORTEL;30;4;221;169;T4;4;4;259;T4_0709;0709;259;0
952;114;PORTIMÃO;111;26;810;800;T4;5;5;952;T4_0811;0811;952;33
2732;234;PORTO;367;70;2288;2459;T4;7;7;2732;T4_1312;1312;2732;32
345;74;PORTO DE MÓS;24;3;313;263;T4;5;5;345;T4_1016;1016;345;3
70;0;PORTO MONIZ;1;3;63;67;T4;3;3;70;T4_3106;3106;70;0
88;5;PORTO SANTO;4;1;80;79;T4;3;3;88;T4_3201;3201;88;1
191;29;PÓVOA DE LANHOSO;48;7;132;156;T4;4;4;191;T4_0309;0309;191;2
771;70;PÓVOA DE VARZIM;141;15;610;696;T4;5;5;771;T4_1313;1313;771;0
116;31;POVOAÇÃO;8;1;103;81;T4;4;4;116;T4_4204;4204;116;0
191;0;PRAIA DA VITÓRIA;13;6;168;186;T4;4;4;191;T4_4302;4302;191;1
159;23;PROENÇA-A-NOVA;24;2;130;129;T4;3;3;159;T4_0508;0508;159;4
269;78;REDONDO;43;3;220;186;T4;3;3;269;T4_0710;0710;269;2
273;57;REGUENGOS DE MONSARAZ;39;0;231;211;T4;3;3;273;T4_0711;0711;273;2
288;22;RESENDE;30;4;250;258;T4;4;4;288;T4_1813;1813;288;4
110;0;RIBEIRA BRAVA;3;3;101;107;T4;3;3;110;T4_3107;3107;110;0
209;34;RIBEIRA DE PENA;26;3;177;165;T4;3;3;209;T4_1709;1709;209;7
257;2;RIBEIRA GRANDE;23;4;227;252;T4;3;3;257;T4_4205;4205;257;0
343;28;RIO MAIOR;33;8;298;303;T4;4;4;343;T4_1414;1414;343;8
202;43;SABROSA;27;4;168;153;T4;3;3;202;T4_1710;1710;202;3
194;18;SABUGAL;53;3;135;170;T4;3;3;194;T4_0911;0911;194;3
234;67;SALVATERRA DE MAGOS;29;11;191;160;T4;3;3;234;T4_1415;1415;234;4
188;41;SANTA COMBA DÃO;25;0;160;141;T4;3;3;188;T4_1814;1814;188;3
388;0;SANTA CRUZ;24;3;358;385;T4;3;3;388;T4_3108;3108;388;0
69;14;SANTA CRUZ DA GRACIOSA;5;0;62;53;T4;2;2;69;T4_4401;4401;69;0
64;9;SANTA CRUZ DAS FLORES;2;0;59;52;T4;3;3;64;T4_4802;4802;64;0
1072;366;SANTA MARIA DA FEIRA;365;12;689;700;T4;6;6;1072;T4_0109;0109;1072;0
149;33;SANTA MARTA DE PENAGUIÃO;21;2;123;111;T4;3;3;149;T4_1711;1711;149;2
103;0;SANTANA;6;3;90;99;T4;4;4;103;T4_3109;3109;103;0
855;97;SANTARÉM;124;14;710;744;T4;7;7;855;T4_1416;1416;855;7
619;52;SANTIAGO DO CACÉM;76;13;526;544;T4;4;4;619;T4_1509;1509;619;19
729;249;SANTO TIRSO;152;24;544;439;T4;9;9;729;T4_1314;1314;729;32
280;45;SÃO BRÁS DE ALPORTEL;25;3;249;226;T4;3;3;280;T4_0812;0812;280;6
297;73;SÃO JOÃO DA MADEIRA;67;7;220;214;T4;3;3;297;T4_0116;0116;297;7
84;25;SÃO JOÃO DA PESQUEIRA;39;3;38;52;T4;4;4;84;T4_1815;1815;84;3
449;139;SÃO PEDRO DO SUL;64;5;376;301;T4;4;4;449;T4_1816;1816;449;5
59;6;SÃO ROQUE DO PICO;5;0;51;49;T4;3;3;59;T4_4603;4603;59;1
74;0;SÃO VICENTE;4;3;64;68;T4;3;3;74;T4_3110;3110;74;3
197;26;SARDOAL;11;4;177;162;T4;5;5;197;T4_1417;1417;197;4
190;46;SÁTÃO;19;3;165;138;T4;3;3;190;T4_1817;1817;190;3
292;56;SEIA;68;8;212;218;T4;4;4;292;T4_0912;0912;292;14
1701;53;SEIXAL;277;51;1366;1572;T4;7;7;1701;T4_1510;1510;1701;69
106;27;SERNANCELHE;17;1;85;73;T4;3;3;106;T4_1818;1818;106;3
345;55;SERPA;35;8;298;278;T4;4;4;345;T4_0213;0213;345;8
326;78;SERTÃ;27;3;292;244;T4;4;4;326;T4_0509;0509;326;0
1022;34;SESIMBRA;161;31;824;951;T4;6;6;1022;T4_1511;1511;1022;31
1424;138;SETÚBAL;209;23;1187;1249;T4;5;5;1424;T4_1512;1512;1424;32
133;17;SEVER DO VOUGA;14;1;114;112;T4;4;4;133;T4_0117;0117;133;0
794;159;SILVES;110;8;673;624;T4;3;3;794;T4_0813;0813;794;8
520;99;SINES;82;8;426;405;T4;4;4;520;T4_1513;1513;520;12
2802;33;SINTRA;342;67;2387;2679;T4;6;6;2802;T4_1111;1111;2802;84
176;16;SOBRAL DE MONTE AGRAÇO;23;3;147;156;T4;3;3;176;T4_1112;1112;176;1
271;28;SOURE;45;2;219;236;T4;5;5;271;T4_0615;0615;271;2
147;16;SOUSEL;21;6;117;124;T4;3;3;147;T4_1215;1215;147;4
206;32;TÁBUA;38;4;161;163;T4;3;3;206;T4_0616;0616;206;8
173;53;TABUAÇO;23;4;143;109;T4;3;3;173;T4_1819;1819;173;8
265;58;TAROUCA;26;3;234;202;T4;2;2;265;T4_1820;1820;265;3
534;71;TAVIRA;123;16;391;441;T4;4;4;534;T4_0814;0814;534;18
237;17;TERRAS DE BOURO;35;5;194;212;T4;3;3;237;T4_0310;0310;237;5
577;56;TOMAR;59;9;506;502;T4;3;3;577;T4_1418;1418;577;16
341;93;TONDELA;105;7;223;242;T4;6;6;341;T4_1821;1821;341;0
255;45;TORRE DE MONCORVO;26;6;219;204;T4;4;4;255;T4_0409;0409;255;2
579;71;TORRES NOVAS;66;11;497;492;T4;5;5;579;T4_1419;1419;579;11
734;77;TORRES VEDRAS;92;13;623;631;T4;6;6;734;T4_1113;1113;734;20
156;46;TRANCOSO;40;4;108;102;T4;4;4;156;T4_0913;0913;156;4
389;90;TROFA;103;2;280;293;T4;4;4;389;T4_1318;1318;389;2
205;6;VAGOS;25;10;166;181;T4;4;4;205;T4_0118;0118;205;14
222;22;VALE DE CAMBRA;37;7;174;189;T4;4;4;222;T4_0119;0119;222;7
333;55;VALENÇA;27;2;300;270;T4;4;4;333;T4_1608;1608;333;4
873;209;VALONGO;213;22;634;660;T4;4;4;873;T4_1315;1315;873;0
244;37;VALPAÇOS;40;6;194;192;T4;4;4;244;T4_1712;1712;244;11
91;0;VELAS;1;2;86;86;T4;2;2;91;T4_4502;4502;91;3
269;62;VENDAS NOVAS;18;3;245;198;T4;3;3;269;T4_0712;0712;269;6
120;6;VIANA DO ALENTEJO;11;4;102;105;T4;3;3;120;T4_0713;0713;120;6
898;256;VIANA DO CASTELO;188;27;678;637;T4;5;5;898;T4_1609;1609;898;0
184;44;VIDIGUEIRA;23;1;157;137;T4;3;3;184;T4_0214;0214;184;0
141;44;VIEIRA DO MINHO;46;5;86;89;T4;4;4;141;T4_0311;0311;141;4
132;7;VILA DE REI;13;5;111;120;T4;3;3;132;T4_0510;0510;132;2
260;51;VILA DO BISPO;37;6;214;204;T4;3;3;260;T4_0815;0815;260;2
1349;309;VILA DO CONDE;196;8;1139;1026;T4;6;6;1349;T4_1316;1316;1349;8
92;1;VILA DO PORTO;5;1;84;88;T4;2;2;92;T4_4101;4101;92;1
161;45;VILA FLOR;24;0;134;113;T4;3;3;161;T4_0410;0410;161;0
900;122;VILA FRANCA DE XIRA;162;24;709;767;T4;5;5;900;T4_1114;1114;900;6
115;6;VILA FRANCA DO CAMPO;9;2;102;105;T4;2;2;115;T4_4206;4206;115;2
186;29;VILA NOVA DA BARQUINHA;14;5;164;149;T4;3;3;186;T4_1420;1420;186;5
262;58;VILA NOVA DE CERVEIRA;45;3;210;197;T4;4;4;262;T4_1610;1610;262;3
1229;478;VILA NOVA DE FAMALICÃO;483;10;729;734;T4;7;7;1229;T4_0312;0312;1229;10
170;14;VILA NOVA DE FOZ CÔA;19;1;147;153;T4;3;3;170;T4_0914;0914;170;0
1876;469;VILA NOVA DE GAIA;331;57;1480;1394;T4;8;8;1876;T4_1317;1317;1876;5
134;25;VILA NOVA DE PAIVA;20;3;109;103;T4;2;2;134;T4_1822;1822;134;4
165;16;VILA NOVA DE POIARES;31;2;129;145;T4;3;3;165;T4_0617;0617;165;1
244;33;VILA POUCA DE AGUIAR;44;6;190;207;T4;4;4;244;T4_1713;1713;244;0
431;107;VILA REAL;49;15;363;305;T4;4;4;431;T4_1714;1714;431;15
506;210;VILA REAL DE SANTO ANTÓNIO;93;7;401;291;T4;5;5;506;T4_0816;0816;506;0
153;5;VILA VELHA DE RÓDÃO;19;2;129;143;T4;3;3;153;T4_0511;0511;153;2
416;63;VILA VERDE;57;9;346;332;T4;4;4;416;T4_0313;0313;416;17
177;35;VILA VIÇOSA;12;1;161;138;T4;3;3;177;T4_0714;0714;177;1
146;12;VIMIOSO;19;5;119;125;T4;3;3;146;T4_0411;0411;146;6
202;37;VINHAIS;33;4;161;157;T4;4;4;202;T4_0412;0412;202;4
984;406;VISEU;218;11;749;561;T4;6;6;984;T4_1823;1823;984;11
314;92;VIZELA;58;2;251;217;T4;3;3;314;T4_0314;0314;314;2
183;49;VOUZELA;35;1;143;130;T4;4;4;183;T4_1824;1824;183;0
411;41;ABRANTES;70;13;324;363;A;4;4;411;A_1401;1401;411;3
440;54;ÁGUEDA;61;10;365;382;A;4;4;440;A_0101;0101;440;0
115;10;AGUIAR DA BEIRA;15;3;94;102;A;3;3;115;A_0901;0901;115;0
209;10;ALANDROAL;28;0;178;196;A;3;3;209;A_0701;0701;209;0
302;81;ALBERGARIA-A-VELHA;83;6;210;212;A;3;3;302;A_0102;0102;302;6
1352;70;ALBUFEIRA;188;23;1135;1253;A;6;6;1352;A_0801;0801;1352;23
365;29;ALCÁCER DO SAL;41;2;318;326;A;4;4;365;A_1501;1501;365;6
195;59;ALCANENA;30;2;159;130;A;4;4;195;A_1402;1402;195;2
348;45;ALCOBAÇA;70;10;264;289;A;4;4;348;A_1001;1001;348;10
421;23;ALCOCHETE;73;10;333;383;A;5;5;421;A_1502;1502;421;10
150;5;ALCOUTIM;21;1;125;135;A;3;3;150;A_0802;0802;150;7
647;47;ALENQUER;102;7;535;582;A;3;3;647;A_1101;1101;647;15
159;33;ALFÂNDEGA DA FÉ;22;4;130;119;A;3;3;159;A_0401;0401;159;4
198;32;ALIJÓ;37;7;150;162;A;4;4;198;A_1701;1701;198;0
204;23;ALJEZUR;26;3;171;177;A;4;4;204;A_0803;0803;204;0
175;36;ALJUSTREL;36;2;134;134;A;3;3;175;A_0201;0201;175;2
1517;106;ALMADA;193;58;1261;1340;A;5;5;1517;A_1503;1503;1517;66
142;17;ALMEIDA;36;2;101;120;A;3;3;142;A_0902;0902;142;2
319;44;ALMEIRIM;30;0;285;265;A;4;4;319;A_1403;1403;319;6
230;26;ALMODÔVAR;33;3;191;198;A;3;3;230;A_0202;0202;230;3
196;37;ALPIARÇA;16;1;176;153;A;3;3;196;A_1404;1404;196;3
158;18;ALTER DO CHÃO;23;3;129;137;A;3;3;158;A_1201;1201;158;0
114;8;ALVAIÁZERE;19;2;90;100;A;3;3;114;A_1002;1002;114;3
121;20;ALVITO;10;12;97;87;A;2;2;121;A_0203;0203;121;12
1684;153;AMADORA;213;29;1435;1480;A;7;7;1684;A_1115;1115;1684;44
631;137;AMARANTE;128;11;487;478;A;5;5;631;A_1301;1301;631;11
266;51;AMARES;54;7;202;204;A;3;3;266;A_0301;0301;266;8
205;75;ANADIA;28;6;167;118;A;4;4;205;A_0103;0103;205;8
225;18;ANGRA DO HEROÍSMO;23;6;194;203;A;2;2;225;A_4301;4301;225;2
138;18;ANSIÃO;18;2;115;116;A;3;3;138;A_1003;1003;138;1
332;76;ARCOS DE VALDEVEZ;35;1;292;248;A;4;4;332;A_1601;1601;332;4
228;25;ARGANIL;26;0;198;199;A;4;4;228;A_0601;0601;228;0
214;47;ARMAMAR;44;3;164;164;A;3;3;214;A_1801;1801;214;0
210;24;AROUCA;24;5;177;177;A;4;4;210;A_0104;0104;210;5
146;3;ARRAIOLOS;10;2;130;135;A;4;4;146;A_0702;0702;146;4
106;22;ARRONCHES;12;1;90;81;A;3;3;106;A_1202;1202;106;0
255;60;ARRUDA DOS VINHOS;46;5;201;192;A;3;3;255;A_1102;1102;255;0
551;21;AVEIRO;100;38;408;522;A;5;5;551;A_0105;0105;551;3
209;16;AVIS;41;4;161;186;A;3;3;209;A_1203;1203;209;4
363;14;AZAMBUJA;48;12;298;326;A;5;5;363;A_1103;1103;363;18
339;29;BAIÃO;59;1;274;295;A;5;5;339;A_1302;1302;339;10
688;149;BARCELOS;135;17;530;516;A;6;6;688;A_0302;0302;688;17
106;19;BARRANCOS;10;3;90;81;A;3;3;106;A_0204;0204;106;3
826;123;BARREIRO;139;32;648;664;A;7;7;826;A_1504;1504;826;32
104;18;BATALHA;27;4;70;79;A;3;3;104;A_1004;1004;104;4
545;45;BEJA;52;14;475;496;A;4;4;545;A_0205;0205;545;0
65;14;BELMONTE;15;2;46;47;A;2;2;65;A_0501;0501;65;2
393;19;BENAVENTE;54;4;330;361;A;5;5;393;A_1405;1405;393;8
231;73;BOMBARRAL;29;4;196;156;A;2;2;231;A_1005;1005;231;0
232;62;BORBA;24;1;204;167;A;3;3;232;A_0703;0703;232;0
139;19;BOTICAS;22;6;106;108;A;5;5;139;A_1702;1702;139;7
1777;229;BRAGA;302;29;1440;1497;A;6;6;1777;A_0303;0303;1777;45
371;14;BRAGANÇA;34;11;322;342;A;4;4;371;A_0402;0402;371;11
296;16;CABECEIRAS DE BASTO;16;6;272;272;A;2;2;296;A_0304;0304;296;6
223;50;CADAVAL;28;4;188;165;A;3;3;223;A_1104;1104;223;5
323;41;CALDAS DA RAINHA;29;2;289;269;A;3;3;323;A_1006;1006;323;10
137;4;CALHETA (MADEIRA);11;0;122;129;A;4;4;137;A_3101;3101;137;0
119;0;CALHETA (SÃO JORGE);1;4;111;113;A;3;3;119;A_4501;4501;119;3
262;1;CÂMARA DE LOBOS;16;7;235;250;A;4;4;262;A_3102;3102;262;7
304;74;CAMINHA;56;4;240;221;A;4;4;304;A_1602;1602;304;5
247;76;CAMPO MAIOR;29;2;213;166;A;3;3;247;A_1204;1204;247;2
320;84;CANTANHEDE;60;16;241;231;A;3;3;320;A_0602;0602;320;2
181;17;CARRAZEDA DE ANSIÃES;19;3;157;158;A;2;2;181;A_0403;0403;181;4
125;9;CARREGAL DO SAL;20;3;98;112;A;4;4;125;A_1802;1802;125;0
448;82;CARTAXO;51;1;392;360;A;4;4;448;A_1406;1406;448;2
1546;159;CASCAIS;380;81;1076;1314;A;9;9;1546;A_1105;1105;1546;64
86;2;CASTANHEIRA DE PÊRA;11;1;71;78;A;3;3;86;A_1007;1007;86;3
527;92;CASTELO BRANCO;111;7;402;421;A;7;7;527;A_0502;0502;527;7
172;0;CASTELO DE PAIVA;22;3;144;163;A;3;3;172;A_0106;0106;172;6
174;25;CASTELO DE VIDE;13;1;157;146;A;3;3;174;A_1205;1205;174;0
256;88;CASTRO DAIRE;42;8;202;158;A;4;4;256;A_1803;1803;256;6
159;28;CASTRO MARIM;27;6;123;119;A;3;3;159;A_0804;0804;159;9
237;60;CASTRO VERDE;40;3;191;171;A;3;3;237;A_0206;0206;237;3
306;60;CELORICO DA BEIRA;51;0;252;242;A;3;3;306;A_0903;0903;306;1
305;44;CELORICO DE BASTO;59;0;243;258;A;3;3;305;A_0305;0305;305;0
164;47;CHAMUSCA;18;0;143;112;A;3;3;164;A_1407;1407;164;2
508;60;CHAVES;73;16;415;423;A;4;4;508;A_1703;1703;508;21
324;73;CINFÃES;46;1;274;245;A;3;3;324;A_1804;1804;324;3
1461;39;COIMBRA;279;52;1123;1351;A;7;7;1461;A_0603;0603;1461;64
220;66;CONDEIXA-A-NOVA;21;4;192;146;A;3;3;220;A_0604;0604;220;5
115;14;CONSTÂNCIA;19;3;90;95;A;3;3;115;A_1408;1408;115;3
424;27;CORUCHE;35;6;379;385;A;4;4;424;A_1409;1409;424;8
42;13;CORVO;1;0;39;27;A;2;2;42;A_4901;4901;42;0
357;15;COVILHÃ;35;5;313;333;A;4;4;357;A_0503;0503;357;5
118;10;CRATO;10;0;106;105;A;2;2;118;A_1206;1206;118;1
157;31;CUBA;19;1;134;122;A;3;3;157;A_0207;0207;157;1
253;47;ELVAS;16;4;227;196;A;6;6;253;A_1207;1207;253;4
302;13;ENTRONCAMENTO;28;6;265;280;A;3;3;302;A_1410;1410;302;6
656;132;ESPINHO;82;15;555;500;A;4;4;656;A_0107;0107;656;20
170;13;ESPOSENDE;54;7;104;144;A;5;5;170;A_0306;0306;170;8
250;38;ESTARREJA;57;9;179;198;A;5;5;250;A_0108;0108;250;9
288;91;ESTREMOZ;42;0;242;193;A;4;4;288;A_0704;0704;288;0
1207;226;ÉVORA;163;30;1011;948;A;3;3;1207;A_0705;0705;1207;30
523;57;FAFE;88;11;420;451;A;4;4;523;A_0307;0307;523;11
928;98;FARO;189;25;709;819;A;5;5;928;A_0805;0805;928;6
776;153;FELGUEIRAS;134;9;630;612;A;3;3;776;A_1303;1303;776;8
276;50;FERREIRA DO ALENTEJO;44;4;225;214;A;3;3;276;A_0208;0208;276;9
149;14;FERREIRA DO ZÊZERE;28;2;116;125;A;3;3;149;A_1411;1411;149;7
584;54;FIGUEIRA DA FOZ;87;5;488;521;A;4;4;584;A_0605;0605;584;5
137;4;FIGUEIRA DE CASTELO RODRIGO;19;0;115;126;A;3;3;137;A_0904;0904;137;4
194;46;FIGUEIRÓ DOS VINHOS;40;1;151;145;A;2;2;194;A_1008;1008;194;1
114;6;FORNOS DE ALGODRES;16;1;95;106;A;2;2;114;A_0905;0905;114;0
186;21;FREIXO DE ESPADA À CINTA;16;2;165;160;A;3;3;186;A_0404;0404;186;2
96;12;FRONTEIRA;12;2;79;81;A;3;3;96;A_1208;1208;96;0
1750;4;FUNCHAL;104;59;1581;1672;A;6;6;1750;A_3103;3103;1750;68
276;12;FUNDÃO;53;10;210;251;A;3;3;276;A_0504;0504;276;10
137;15;GAVIÃO;9;2;123;118;A;3;3;137;A_1209;1209;137;1
162;12;GÓIS;24;1;134;143;A;3;3;162;A_0606;0606;162;4
151;64;GOLEGÃ;10;3;134;82;A;4;4;151;A_1412;1412;151;1
1860;771;GONDOMAR;295;17;1542;1081;A;6;6;1860;A_1304;1304;1860;2
189;20;GOUVEIA;21;2;162;165;A;4;4;189;A_0906;0906;189;0
432;95;GRÂNDOLA;64;9;355;324;A;4;4;432;A_1505;1505;432;9
601;60;GUARDA;144;14;438;529;A;5;5;601;A_0907;0907;601;7
1644;230;GUIMARÃES;252;22;1364;1386;A;6;6;1644;A_0308;0308;1644;22
202;18;HORTA;15;3;181;181;A;3;3;202;A_4701;4701;202;0
271;29;IDANHA-A-NOVA;54;6;206;231;A;5;5;271;A_0505;0505;271;6
414;88;ÍLHAVO;92;7;310;314;A;5;5;414;A_0110;0110;414;7
493;90;LAGOA (ALGARVE);33;3;453;391;A;4;4;493;A_0806;0806;493;8
127;5;LAGOA (SÃO MIGUEL);10;1;114;119;A;2;2;127;A_4201;4201;127;1
799;43;LAGOS;86;20;689;726;A;4;4;799;A_0807;0807;799;26
50;0;LAJES DAS FLORES;3;0;44;47;A;3;3;50;A_4801;4801;50;0
82;1;LAJES DO PICO;4;2;73;76;A;3;3;82;A_4601;4601;82;2
279;63;LAMEGO;62;7;204;209;A;6;6;279;A_1805;1805;279;1
743;37;LEIRIA;120;28;590;673;A;5;5;743;A_1009;1009;743;28
9992;266;LISBOA;2191;177;7615;9701;A;9;9;9992;A_1106;1106;9992;16
1834;409;LOULÉ;231;38;1559;1385;A;6;6;1834;A_0808;0808;1834;34
2212;16;LOURES;417;43;1746;2133;A;6;6;2212;A_1107;1107;2212;57
373;23;LOURINHÃ;41;5;323;339;A;4;4;373;A_1108;1108;373;7
264;39;LOUSÃ;47;3;210;220;A;4;4;264;A_0607;0607;264;1
746;222;LOUSADA;107;11;624;505;A;4;4;746;A_1305;1305;746;15
212;30;MAÇÃO;25;1;183;176;A;3;3;212;A_1413;1413;212;3
316;47;MACEDO DE CAVALEIROS;68;9;235;254;A;4;4;316;A_0405;0405;316;11
211;6;MACHICO;19;5;183;199;A;4;4;211;A_3104;3104;211;2
93;9;MADALENA;11;2;78;80;A;2;2;93;A_4602;4602;93;2
1018;113;MAFRA;108;14;891;878;A;5;5;1018;A_1109;1109;1018;22
1162;387;MAIA;281;40;833;764;A;8;8;1162;A_1306;1306;1162;3
326;61;MANGUALDE;33;3;286;261;A;4;4;326;A_1806;1806;326;0
92;20;MANTEIGAS;10;6;74;70;A;2;2;92;A_0908;0908;92;0
442;42;MARCO DE CANAVESES;53;11;374;381;A;4;4;442;A_1307;1307;442;15
306;6;MARINHA GRANDE;53;9;241;286;A;3;3;306;A_1010;1010;306;11
116;10;MARVÃO;15;2;96;101;A;3;3;116;A_1210;1210;116;2
1790;183;MATOSINHOS;401;50;1333;1595;A;6;6;1790;A_1308;1308;1790;6
337;85;MEALHADA;81;6;246;242;A;4;4;337;A_0111;0111;337;6
183;41;MEDA;39;1;140;139;A;3;3;183;A_0909;0909;183;0
320;87;MELGAÇO;62;6;249;230;A;3;3;320;A_1603;1603;320;0
288;25;MÉRTOLA;33;6;246;254;A;3;3;288;A_0209;0209;288;6
137;20;MESÃO FRIO;16;3;116;111;A;2;2;137;A_1704;1704;137;4
242;30;MIRA;28;5;205;201;A;4;4;242;A_0608;0608;242;7
166;38;MIRANDA DO CORVO;32;0;131;125;A;3;3;166;A_0609;0609;166;0
204;42;MIRANDA DO DOURO;31;3;167;156;A;3;3;204;A_0406;0406;204;3
478;89;MIRANDELA;74;13;388;374;A;3;3;478;A_0407;0407;478;12
167;21;MOGADOURO;15;5;143;137;A;4;4;167;A_0408;0408;167;5
155;15;MOIMENTA DA BEIRA;38;6;107;130;A;4;4;155;A_1807;1807;155;6
827;71;MOITA;86;24;712;728;A;5;5;827;A_1506;1506;827;23
304;35;MONÇÃO;48;4;249;259;A;3;3;304;A_1604;1604;304;7
234;75;MONCHIQUE;26;4;201;154;A;3;3;234;A_0809;0809;234;2
170;13;MONDIM DE BASTO;30;4;134;155;A;2;2;170;A_1705;1705;170;0
161;20;MONFORTE;24;0;134;135;A;3;3;161;A_1211;1211;161;3
279;17;MONTALEGRE;18;3;255;259;A;3;3;279;A_1706;1706;279;0
366;58;MONTEMOR-O-NOVO;55;8;299;304;A;4;4;366;A_0706;0706;366;0
277;100;MONTEMOR-O-VELHO;95;3;176;167;A;3;3;277;A_0610;0610;277;7
882;243;MONTIJO;121;9;748;621;A;4;4;882;A_1507;1507;882;14
140;35;MORA;16;1;120;102;A;3;3;140;A_0707;0707;140;0
182;42;MORTÁGUA;18;2;158;132;A;4;4;182;A_1808;1808;182;4
361;31;MOURA;35;6;317;319;A;3;3;361;A_0210;0210;361;8
195;16;MOURÃO;15;0;177;176;A;3;3;195;A_0708;0708;195;0
163;49;MURÇA;21;4;135;107;A;3;3;163;A_1707;1707;163;4
93;3;MURTOSA;14;3;74;83;A;2;2;93;A_0112;0112;93;5
367;190;NAZARÉ;84;3;275;172;A;5;5;367;A_1011;1011;367;0
337;137;NELAS;38;1;294;195;A;4;4;337;A_1809;1809;337;1
262;26;NISA;39;1;220;233;A;2;2;262;A_1212;1212;262;1
92;5;NORDESTE;5;0;84;84;A;3;3;92;A_4202;4202;92;0
356;43;ÓBIDOS;59;3;289;304;A;5;5;356;A_1012;1012;356;4
576;116;ODEMIRA;67;7;498;447;A;4;4;576;A_0211;0211;576;9
1220;97;ODIVELAS;277;42;894;1115;A;7;7;1220;A_1116;1116;1220;1
1824;518;OEIRAS;350;48;1419;1249;A;7;7;1824;A_1110;1110;1824;50
124;16;OLEIROS;21;0;101;106;A;2;2;124;A_0506;0506;124;0
823;217;OLHÃO;88;16;715;585;A;4;4;823;A_0810;0810;823;17
583;36;OLIVEIRA DE AZEMÉIS;110;20;448;541;A;5;5;583;A_0113;0113;583;1
197;71;OLIVEIRA DE FRADES;41;1;152;123;A;3;3;197;A_1810;1810;197;0
274;43;OLIVEIRA DO BAIRRO;65;15;190;208;A;4;4;274;A_0114;0114;274;19
283;85;OLIVEIRA DO HOSPITAL;51;2;227;195;A;3;3;283;A_0611;0611;283;0
485;68;OURÉM;49;12;420;412;A;4;4;485;A_1421;1421;485;1
289;72;OURIQUE;24;1;260;209;A;4;4;289;A_0212;0212;289;4
458;104;OVAR;54;13;387;337;A;4;4;458;A_0115;0115;458;13
524;90;PAÇOS DE FERREIRA;108;9;403;421;A;4;4;524;A_1309;1309;524;9
1006;22;PALMELA;160;36;805;936;A;5;5;1006;A_1508;1508;1006;43
149;15;PAMPILHOSA DA SERRA;21;1;125;131;A;2;2;149;A_0612;0612;149;1
1009;236;PAREDES;216;8;780;758;A;5;5;1009;A_1310;1310;1009;10
175;4;PAREDES DE COURA;17;3;152;167;A;3;3;175;A_1605;1605;175;1
121;33;PEDRÓGÃO GRANDE;9;1;107;84;A;4;4;121;A_1013;1013;121;0
160;37;PENACOVA;34;2;120;117;A;4;4;160;A_0613;0613;160;2
717;106;PENAFIEL;156;10;545;588;A;6;6;717;A_1311;1311;717;17
123;45;PENALVA DO CASTELO;27;2;91;72;A;3;3;123;A_1811;1811;123;3
115;8;PENAMACOR;17;0;95;104;A;3;3;115;A_0507;0507;115;0
92;6;PENEDONO;10;2;77;81;A;3;3;92;A_1812;1812;92;2
115;23;PENELA;24;2;86;86;A;3;3;115;A_0614;0614;115;3
514;201;PENICHE;104;9;397;307;A;4;4;514;A_1014;1014;514;2
314;78;PESO DA RÉGUA;41;6;264;225;A;3;3;314;A_1708;1708;314;8
142;6;PINHEL;22;1;116;132;A;3;3;142;A_0910;0910;142;1
388;66;POMBAL;39;4;339;307;A;6;6;388;A_1015;1015;388;9
645;28;PONTA DELGADA;34;14;592;594;A;5;5;645;A_4203;4203;645;18
91;1;PONTA DO SOL;8;2;77;84;A;4;4;91;A_3105;3105;91;2
268;12;PONTE DA BARCA;25;2;238;249;A;3;3;268;A_1606;1606;268;4
601;155;PONTE DE LIMA;42;3;551;440;A;5;5;601;A_1607;1607;601;1
294;30;PONTE DE SOR;25;6;259;248;A;4;4;294;A_1213;1213;294;12
431;100;PORTALEGRE;121;11;296;317;A;3;3;431;A_1214;1214;431;11
259;86;PORTEL;30;4;221;169;A;4;4;259;A_0709;0709;259;0
952;114;PORTIMÃO;111;26;810;800;A;5;5;952;A_0811;0811;952;33
2732;234;PORTO;367;70;2288;2459;A;7;7;2732;A_1312;1312;2732;32
345;74;PORTO DE MÓS;24;3;313;263;A;5;5;345;A_1016;1016;345;3
70;0;PORTO MONIZ;1;3;63;67;A;3;3;70;A_3106;3106;70;0
88;5;PORTO SANTO;4;1;80;79;A;3;3;88;A_3201;3201;88;1
191;29;PÓVOA DE LANHOSO;48;7;132;156;A;4;4;191;A_0309;0309;191;2
771;70;PÓVOA DE VARZIM;141;15;610;696;A;5;5;771;A_1313;1313;771;0
116;31;POVOAÇÃO;8;1;103;81;A;4;4;116;A_4204;4204;116;0
191;0;PRAIA DA VITÓRIA;13;6;168;186;A;4;4;191;A_4302;4302;191;1
159;23;PROENÇA-A-NOVA;24;2;130;129;A;3;3;159;A_0508;0508;159;4
269;78;REDONDO;43;3;220;186;A;3;3;269;A_0710;0710;269;2
273;57;REGUENGOS DE MONSARAZ;39;0;231;211;A;3;3;273;A_0711;0711;273;2
288;22;RESENDE;30;4;250;258;A;4;4;288;A_1813;1813;288;4
110;0;RIBEIRA BRAVA;3;3;101;107;A;3;3;110;A_3107;3107;110;0
209;34;RIBEIRA DE PENA;26;3;177;165;A;3;3;209;A_1709;1709;209;7
257;2;RIBEIRA GRANDE;23;4;227;252;A;3;3;257;A_4205;4205;257;0
343;28;RIO MAIOR;33;8;298;303;A;4;4;343;A_1414;1414;343;8
202;43;SABROSA;27;4;168;153;A;3;3;202;A_1710;1710;202;3
194;18;SABUGAL;53;3;135;170;A;3;3;194;A_0911;0911;194;3
234;67;SALVATERRA DE MAGOS;29;11;191;160;A;3;3;234;A_1415;1415;234;4
188;41;SANTA COMBA DÃO;25;0;160;141;A;3;3;188;A_1814;1814;188;3
388;0;SANTA CRUZ;24;3;358;385;A;3;3;388;A_3108;3108;388;0
69;14;SANTA CRUZ DA GRACIOSA;5;0;62;53;A;2;2;69;A_4401;4401;69;0
64;9;SANTA CRUZ DAS FLORES;2;0;59;52;A;3;3;64;A_4802;4802;64;0
1072;366;SANTA MARIA DA FEIRA;365;12;689;700;A;6;6;1072;A_0109;0109;1072;0
149;33;SANTA MARTA DE PENAGUIÃO;21;2;123;111;A;3;3;149;A_1711;1711;149;2
103;0;SANTANA;6;3;90;99;A;4;4;103;A_3109;3109;103;0
855;97;SANTARÉM;124;14;710;744;A;7;7;855;A_1416;1416;855;7
619;52;SANTIAGO DO CACÉM;76;13;526;544;A;4;4;619;A_1509;1509;619;19
729;249;SANTO TIRSO;152;24;544;439;A;9;9;729;A_1314;1314;729;32
280;45;SÃO BRÁS DE ALPORTEL;25;3;249;226;A;3;3;280;A_0812;0812;280;6
297;73;SÃO JOÃO DA MADEIRA;67;7;220;214;A;3;3;297;A_0116;0116;297;7
84;25;SÃO JOÃO DA PESQUEIRA;39;3;38;52;A;4;4;84;A_1815;1815;84;3
449;139;SÃO PEDRO DO SUL;64;5;376;301;A;4;4;449;A_1816;1816;449;5
59;6;SÃO ROQUE DO PICO;5;0;51;49;A;3;3;59;A_4603;4603;59;1
74;0;SÃO VICENTE;4;3;64;68;A;3;3;74;A_3110;3110;74;3
197;26;SARDOAL;11;4;177;162;A;5;5;197;A_1417;1417;197;4
190;46;SÁTÃO;19;3;165;138;A;3;3;190;A_1817;1817;190;3
292;56;SEIA;68;8;212;218;A;4;4;292;A_0912;0912;292;14
1701;53;SEIXAL;277;51;1366;1572;A;7;7;1701;A_1510;1510;1701;69
106;27;SERNANCELHE;17;1;85;73;A;3;3;106;A_1818;1818;106;3
345;55;SERPA;35;8;298;278;A;4;4;345;A_0213;0213;345;8
326;78;SERTÃ;27;3;292;244;A;4;4;326;A_0509;0509;326;0
1022;34;SESIMBRA;161;31;824;951;A;6;6;1022;A_1511;1511;1022;31
1424;138;SETÚBAL;209;23;1187;1249;A;5;5;1424;A_1512;1512;1424;32
133;17;SEVER DO VOUGA;14;1;114;112;A;4;4;133;A_0117;0117;133;0
794;159;SILVES;110;8;673;624;A;3;3;794;A_0813;0813;794;8
520;99;SINES;82;8;426;405;A;4;4;520;A_1513;1513;520;12
2802;33;SINTRA;342;67;2387;2679;A;6;6;2802;A_1111;1111;2802;84
176;16;SOBRAL DE MONTE AGRAÇO;23;3;147;156;A;3;3;176;A_1112;1112;176;1
271;28;SOURE;45;2;219;236;A;5;5;271;A_0615;0615;271;2
147;16;SOUSEL;21;6;117;124;A;3;3;147;A_1215;1215;147;4
206;32;TÁBUA;38;4;161;163;A;3;3;206;A_0616;0616;206;8
173;53;TABUAÇO;23;4;143;109;A;3;3;173;A_1819;1819;173;8
265;58;TAROUCA;26;3;234;202;A;2;2;265;A_1820;1820;265;3
534;71;TAVIRA;123;16;391;441;A;4;4;534;A_0814;0814;534;18
237;17;TERRAS DE BOURO;35;5;194;212;A;3;3;237;A_0310;0310;237;5
577;56;TOMAR;59;9;506;502;A;3;3;577;A_1418;1418;577;16
341;93;TONDELA;105;7;223;242;A;6;6;341;A_1821;1821;341;0
255;45;TORRE DE MONCORVO;26;6;219;204;A;4;4;255;A_0409;0409;255;2
579;71;TORRES NOVAS;66;11;497;492;A;5;5;579;A_1419;1419;579;11
734;77;TORRES VEDRAS;92;13;623;631;A;6;6;734;A_1113;1113;734;20
156;46;TRANCOSO;40;4;108;102;A;4;4;156;A_0913;0913;156;4
389;90;TROFA;103;2;280;293;A;4;4;389;A_1318;1318;389;2
205;6;VAGOS;25;10;166;181;A;4;4;205;A_0118;0118;205;14
222;22;VALE DE CAMBRA;37;7;174;189;A;4;4;222;A_0119;0119;222;7
333;55;VALENÇA;27;2;300;270;A;4;4;333;A_1608;1608;333;4
873;209;VALONGO;213;22;634;660;A;4;4;873;A_1315;1315;873;0
244;37;VALPAÇOS;40;6;194;192;A;4;4;244;A_1712;1712;244;11
91;0;VELAS;1;2;86;86;A;2;2;91;A_4502;4502;91;3
269;62;VENDAS NOVAS;18;3;245;198;A;3;3;269;A_0712;0712;269;6
120;6;VIANA DO ALENTEJO;11;4;102;105;A;3;3;120;A_0713;0713;120;6
898;256;VIANA DO CASTELO;188;27;678;637;A;5;5;898;A_1609;1609;898;0
184;44;VIDIGUEIRA;23;1;157;137;A;3;3;184;A_0214;0214;184;0
141;44;VIEIRA DO MINHO;46;5;86;89;A;4;4;141;A_0311;0311;141;4
132;7;VILA DE REI;13;5;111;120;A;3;3;132;A_0510;0510;132;2
260;51;VILA DO BISPO;37;6;214;204;A;3;3;260;A_0815;0815;260;2
1349;309;VILA DO CONDE;196;8;1139;1026;A;6;6;1349;A_1316;1316;1349;8
92;1;VILA DO PORTO;5;1;84;88;A;2;2;92;A_4101;4101;92;1
161;45;VILA FLOR;24;0;134;113;A;3;3;161;A_0410;0410;161;0
900;122;VILA FRANCA DE XIRA;162;24;709;767;A;5;5;900;A_1114;1114;900;6
115;6;VILA FRANCA DO CAMPO;9;2;102;105;A;2;2;115;A_4206;4206;115;2
186;29;VILA NOVA DA BARQUINHA;14;5;164;149;A;3;3;186;A_1420;1420;186;5
262;58;VILA NOVA DE CERVEIRA;45;3;210;197;A;4;4;262;A_1610;1610;262;3
1229;478;VILA NOVA DE FAMALICÃO;483;10;729;734;A;7;7;1229;A_0312;0312;1229;10
170;14;VILA NOVA DE FOZ CÔA;19;1;147;153;A;3;3;170;A_0914;0914;170;0
1876;469;VILA NOVA DE GAIA;331;57;1480;1394;A;8;8;1876;A_1317;1317;1876;5
134;25;VILA NOVA DE PAIVA;20;3;109;103;A;2;2;134;A_1822;1822;134;4
165;16;VILA NOVA DE POIARES;31;2;129;145;A;3;3;165;A_0617;0617;165;1
244;33;VILA POUCA DE AGUIAR;44;6;190;207;A;4;4;244;A_1713;1713;244;0
431;107;VILA REAL;49;15;363;305;A;4;4;431;A_1714;1714;431;15
506;210;VILA REAL DE SANTO ANTÓNIO;93;7;401;291;A;5;5;506;A_0816;0816;506;0
153;5;VILA VELHA DE RÓDÃO;19;2;129;143;A;3;3;153;A_0511;0511;153;2
416;63;VILA VERDE;57;9;346;332;A;4;4;416;A_0313;0313;416;17
177;35;VILA VIÇOSA;12;1;161;138;A;3;3;177;A_0714;0714;177;1
146;12;VIMIOSO;19;5;119;125;A;3;3;146;A_0411;0411;146;6
202;37;VINHAIS;33;4;161;157;A;4;4;202;A_0412;0412;202;4
984;406;VISEU;218;11;749;561;A;6;6;984;A_1823;1823;984;11
314;92;VIZELA;58;2;251;217;A;3;3;314;A_0314;0314;314;2
183;49;VOUZELA;35;1;143;130;A;4;4;183;A_1824;1824;183;0
